AnyID,address,city,state,zip,country,newzip,ziplat,ziplon,zip_geo_city,zip_status,lat,lon,time
1,179 SPANISH POINT DR,BEAUFORT,SC,29902,USA,29902,32.38,-80.7,Beaufort,ZIP5_uszipcode,32.4063635,-80.6839284,2020-08-21 20:10:43.135266
2,274 BIRCH DR,LAUREL BAY,SC,29902,USA,29902,32.38,-80.7,Beaufort,ZIP5_uszipcode,32.46375067,-80.801558,2020-08-21 20:10:43.390810
3,2026 SE ELLIOTT,PORTLAND,OR,97214-0001,USA,97214,45.51,-122.64,Portland,ZIP5_uszipcode,45.507697,-122.649865,2020-08-21 20:10:43.645139
4,2026 SE ELLIOTT,PORTLAND,OR,970,USA,97001,44.9,-120.7,Antelope,ZIP5_uszipcode,45.507697,-122.649865,2020-08-21 20:10:43.906449
5,2026 SE ELLIOTT,PORTLAND,OR,97214,USA,97214,45.51,-122.64,Portland,ZIP5_uszipcode,45.507697,-122.649865,2020-08-21 20:10:44.207167
6,2026 SE ELLIOTT,PORTLAND,OR,97214-9999,USA,97214,45.51,-122.64,Portland,ZIP5_uszipcode,45.507697,-122.649865,2020-08-21 20:10:44.433297
7,466 SAINT NICK DRIVE,MEMPHIS,TN,38117,USA,38117,35.11,-89.9,Memphis,ZIP5_uszipcode,35.11837617,-89.90023917,2020-08-21 20:10:44.661694
8,6400 POPLAR AVENUE,MEMPHIS,TN,38197,USA,38197,,,Memphis,ZIP5_uszipcode,35.1014207,-89.8505464,2020-08-21 20:10:44.950070
9,179 SPANISH POINT DR,BEAUFORT,SC,29902,USA,29902,32.38,-80.7,Beaufort,ZIP5_uszipcode,32.4063635,-80.6839284,2020-08-21 20:10:45.157585
10,179 SPANISH POINT DR,BEAUFORT,SC,29902,USA,29902,32.38,-80.7,Beaufort,ZIP5_uszipcode,32.4063635,-80.6839284,2020-08-21 20:10:45.410431
11,441 BAUCHET ST,LOS ANGELES,CA,90012,USA,90012,34.06,-118.24,Los Angeles,ZIP5_uszipcode,34.059749,-118.231859,2020-08-21 20:10:45.658074
12,1711 W TEMPLE ST,LOS ANGELES,CA,90026,USA,90026,34.08,-118.26,Los Angeles,ZIP5_uszipcode,34.069707,-118.263483,2020-08-21 20:10:45.943320
13,1450 SAN PABLO ST,LOS ANGELES,CA,90033,USA,90033,34.05,-118.21,Los Angeles,ZIP5_uszipcode,34.061684,-118.20242,2020-08-21 20:10:46.170295
14,443 So. Soto St,Los Angeles,CA,90033,USA,90033,34.05,-118.21,Los Angeles,ZIP5_uszipcode,34.039599,-118.212754,2020-08-21 20:10:46.431488
15,1233 N LA BREA AVE,LOS ANGELES,CA,90036,USA,90036,34.07,-118.35,Los Angeles,ZIP5_uszipcode,34.093751,-118.344661,2020-08-21 20:10:46.724713
16,1600 Pennsylvania Ave.,Washington,DC,20500,USA,20500,,,Washington,ZIP5_uszipcode,38.897668,-77.036556,2020-08-21 20:10:46.946127
17,11 Wall Street,New York,NY,10005,USA,10005,40.705,-74.005,New York,ZIP5_uszipcode,40.706861,-74.011274,2020-08-21 20:10:47.157569
18,350 Fifth Avenue,New York,NY,10065,USA,10065,40.765,-73.965,New York,ZIP5_uszipcode,40.672156,-73.984541,2020-08-21 20:10:47.365534
19,4059 Mt Lee Dr.,Hollywood,CA,90068,USA,90068,34.13,-118.33,Los Angeles,ZIP5_uszipcode,34.13456625699674,-118.32166589755793,2020-08-21 20:10:47.628143
20,Statue of Liberty,New York,NY,10004,USA,10004,40.7,-74.02,New York,ZIP5_uszipcode,40.68984603881836,-74.04528045654297,2020-08-21 20:10:47.789733
21,4900 POPLAR AVENUE,MEMPHIS,TN,38117,USA,38117,35.11,-89.9,Memphis,ZIP5_uszipcode,35.114088,-89.8985465,2020-08-21 20:10:48.047059
22,126 BEALE ST.,MEMPHIS,TN,38103,USA,38103,35.17,-90.07,Memphis,ZIP5_uszipcode,35.140308,-90.053662,2020-08-21 20:10:48.263579
23,126 BEALE ST.,MEMPHIS,Tenn.,38103,USA,38103,35.17,-90.07,Memphis,ZIP5_uszipcode,35.140308,-90.053662,2020-08-21 20:10:48.512307
24,Graceland  P.O. Box 16508,Memphis,TN,38186-0508,USA,38186,,,Memphis,ZIP5_uszipcode,35.057960510253906,-90.02092742919922,2020-08-21 20:10:48.735712
25,7000 Coliseum Way,Oakland,California,94621,USA,94621,37.74,-122.21,Oakland,ZIP5_uszipcode,37.75029,-122.202949,2020-08-21 20:10:49.003005
26,274 BIRCH DR,LAUREL BAY,SC,29902,USA,29902,32.38,-80.7,Beaufort,ZIP5_uszipcode,32.46375067,-80.801558,2020-08-21 20:10:49.252374
27,ELDERBERRY LANE,LAUREL BAY,SC,29902,USA,29902,32.38,-80.7,Beaufort,ZIP5_uszipcode,34.3700293721291,-80.7647532113849,2020-08-21 20:10:49.454386
28,,PHILLY,,,USA,,N/A,N/A,N/A,N/A,18.77656,100.77404,2020-08-21 20:10:49.803148
29,,PHILABELPHIS,,,USA,,N/A,N/A,N/A,N/A,18.77656,100.77404,2020-08-21 20:10:50.192006
30,,PHILADELPHIA,,19140,USA,19140,40.01,-75.15,Philadelphia,ZIP5_uszipcode,39.9510612487793,-75.16561889648438,2020-08-21 20:10:50.353583
31,,ILLADELPH,PA,,USA,,N/A,N/A,N/A,N/A,40.896697998046875,-77.83889770507812,2020-08-21 20:10:50.495716
32,520 Chestnut St,PHILADELPHIA,PA,19106,USA,19106,39.95,-75.15,Philadelphia,ZIP5_uszipcode,39.948874,-75.150032,2020-08-21 20:10:50.803905
33,,CICAGO,IL,60647,USA,60647,41.92,-87.7,Chicago,ZIP5_uszipcode,41.92060852050781,-87.69917297363281,2020-08-21 20:10:50.952510
34,,CICAGO,IL,60647,USA,60647,41.92,-87.7,Chicago,ZIP5_uszipcode,41.92060852050781,-87.69917297363281,2020-08-21 20:10:51.123059
35,,CICAGO,ILLINOIS,60647,USA,60647,41.92,-87.7,Chicago,ZIP5_uszipcode,41.92060852050781,-87.69917297363281,2020-08-21 20:10:51.278649
36,466 SAINT NICK DRIVE,MEMPHIS,TN,38117,USA,38117,35.11,-89.9,Memphis,ZIP5_uszipcode,35.11837617,-89.90023917,2020-08-21 20:10:51.491087
37,456 SAINT NICK DRIVE,MEMPHIS,TN,38117,USA,38117,35.11,-89.9,Memphis,ZIP5_uszipcode,35.11862,-89.900072,2020-08-21 20:10:51.722455
38,465 SAINT NICK DRIVE,MEMPHIS,TN,38117,USA,38117,35.11,-89.9,Memphis,ZIP5_uszipcode,35.118367,-89.90096,2020-08-21 20:10:51.926915
39,,CICAGO,IL,,USA,,N/A,N/A,N/A,N/A,41.88322830200195,-87.63240051269531,2020-08-21 20:10:52.063570
40,,ALBEKERKY,NM,,USA,,N/A,N/A,N/A,N/A,34.42136764526367,-106.10839080810547,2020-08-21 20:10:52.250063
41,IP010 0010 INTERNATIONAL PAPER,TICONDEROGA,NY,12883,USA,12883,43.9,-73.5,Ticonderoga,ZIP5_uszipcode,43.84858703613281,-73.44065856933594,2020-08-21 20:10:52.493419
42,IP039 0039 INTERNATIONAL PAPER,ONTARIO,CA,91761,USA,91761,34.03,-117.59,Ontario,ZIP5_uszipcode,34.041229248046875,-117.60984802246094,2020-08-21 20:10:52.700516
43,IP066 USCB - CHICAGO,CHICAGO,IL,60638,USA,60638,41.78,-87.77,Chicago,ZIP5_uszipcode,41.785465240478516,-87.77420806884766,2020-08-21 20:10:52.909962
44,IP085 0085 INTERNATIONAL PAPER,TERRE HAUTE,IN,47802,USA,47802,39.4,-87.4,Terre Haute,ZIP5_uszipcode,39.41029739379883,-87.39485168457031,2020-08-21 20:10:53.143664
45,IP137 USCB - Shreveport,SHREVEPORT,LA,71107,USA,71107,32.6,-93.9,Shreveport,ZIP5_uszipcode,32.5533561706543,-93.83136749267578,2020-08-21 20:10:53.310226
46,IP140 USCB - EL PASO,EL PASO,TX,79907,USA,79907,31.72,-106.36,El Paso,ZIP5_uszipcode,31.712051391601562,-106.32512664794922,2020-08-21 20:10:53.479775
47,IP162 USCB - CARSON,CARSON,CA,90745,USA,90745,33.83,-118.26,Carson,ZIP5_uszipcode,33.82780456542969,-118.27043914794922,2020-08-21 20:10:53.673264
48,IP167 USCB - PUTNAM,PUTNAM,CT,06260,USA,06260,41.9,-71.87,Putnam,ZIP5_uszipcode,41.9156379699707,-71.9074935913086,2020-08-21 20:10:53.877723
49,IP168 USCB - MURFREESBORO,MURFREESBORO,TN,37129,USA,37129,35.9,-86.5,Murfreesboro,ZIP5_uszipcode,35.892669677734375,-86.4211654663086,2020-08-21 20:10:54.038300
50,IP172 USCB - BAY MINETTE,BAY MINETTE,AL,36507,USA,36507,30.9,-87.7,Bay Minette,ZIP5_uszipcode,30.878753662109375,-87.78379821777344,2020-08-21 20:10:54.203487
51,IP174 USCB - GEORGETOWN,GEORGETOWN,SC,29440,USA,29440,33.4,-79.4,Georgetown,ZIP5_uszipcode,33.39552307128906,-79.32733917236328,2020-08-21 20:10:54.403550
52,IP175 USCB - SPRINGHILL,SPRINGHILL,LA,71075,USA,71075,32.98,-93.46,Springhill,ZIP5_uszipcode,33.001197814941406,-93.46794128417969,2020-08-21 20:10:54.568115
53,IP178 USCB - WOOSTER,WOOSTER,OH,44691,USA,44691,40.8,-82.0,Wooster,ZIP5_uszipcode,40.796974182128906,-81.87921905517578,2020-08-21 20:10:54.733203
54,IP180 USCB - GENEVA,GENEVA,NY,14456,USA,14456,42.9,-77.0,Geneva,ZIP5_uszipcode,42.8107795715332,-77.00796508789062,2020-08-21 20:10:54.947662
55,IP181 USCB - HOWELL,HOWELL,MI,48843,USA,48843,42.6,-83.9,Howell,ZIP5_uszipcode,42.646968841552734,-83.97879791259766,2020-08-21 20:10:55.166086
56,IP183 USCB - MODESTO EAST,MODESTO,CA,95354,USA,95354,37.64,-120.97,Modesto,ZIP5_uszipcode,37.647430419921875,-120.98724365234375,2020-08-21 20:10:55.352592
57,IP184 USCB - EDINBURG,EDINBURG,TX,78541,USA,78541,26.5,-98.3,Edinburg,ZIP5_uszipcode,26.345680236816406,-98.1978759765625,2020-08-21 20:10:55.546083
58,IP185 USCB - AUBURNDALE,AUBURNDALE,FL,33823,USA,33823,28.09,-81.81,Auburndale,ZIP5_uszipcode,28.07677459716797,-81.8133544921875,2020-08-21 20:10:55.716634
59,IP186 USCB - FOND DU LAC,FOND DU LAC,WI,54935,USA,54935,43.78,-88.43,Fond Du Lac,ZIP5_uszipcode,43.773746490478516,-88.44146728515625,2020-08-21 20:10:55.915827
60,IP187 USCB - MASON (CINCINNATI),MASON,OH,45040,USA,45040,39.35,-84.3,Mason,ZIP5_uszipcode,39.10369873046875,-84.51361083984375,2020-08-21 20:10:56.100338
61,IP190 USCB - RUSSELLVILLE,RUSSELLVILLE,AR,72802,USA,72802,35.3,-93.1,Russellville,ZIP5_uszipcode,35.30507278442383,-93.1031723022461,2020-08-21 20:10:56.301342
62,IP191 USCB - ARDEN HILLS,SAINT PAUL,MN,55112,USA,55112,45.08,-93.19,Saint Paul,ZIP5_uszipcode,45.0573844909668,-93.182861328125,2020-08-21 20:10:56.474882
63,IP192 USCB - STATESVILLE,STATESVILLE,NC,28677,USA,28677,35.7,-80.9,Statesville,ZIP5_uszipcode,35.76485824584961,-80.89561462402344,2020-08-21 20:10:56.662389
64,IP193 USCB - MT CARMEL,MOUNT CARMEL,PA,17851,USA,17851,40.8,-76.44,Mount Carmel,ZIP5_uszipcode,40.79878616333008,-76.41542053222656,2020-08-21 20:10:56.829946
65,IP198 USCB - CARROLLTON,CARROLLTON,TX,75006,USA,75006,32.95,-96.89,Carrollton,ZIP5_uszipcode,32.96137237548828,-96.89019012451172,2020-08-21 20:10:56.997509
66,IP205 0205 INTERNATIONAL PAPER,SELMA,AL,36703,USA,36703,32.5,-86.9,Selma,ZIP5_uszipcode,32.4206818951853,-86.9983735948982,2020-08-21 20:10:57.305685
67,IP240 0240 INTERNATIONAL PAPER,REDWOOD,MS,39156,USA,39156,32.5,-90.8,Redwood,ZIP5_uszipcode,32.5409036896673,-90.7588601075996,2020-08-21 20:10:57.521111
68,IP241 0241 INTERNATIONAL PAPER,QUEEN CITY,TX,75572,USA,75572,33.2,-94.1,Queen City,ZIP5_uszipcode,39.86593543378044,-75.27624996847236,2020-08-21 20:10:57.735957
69,IP259 0259 INTERNATIONAL PAPER,GEORGETOWN,SC,29440,USA,29440,33.4,-79.4,Georgetown,ZIP5_uszipcode,33.3599650501375,-79.2958597000552,2020-08-21 20:10:57.990172
70,IP267 0267 INTERNATIONAL PAPER,SPRINGHILL,LA,71075,USA,71075,32.98,-93.46,Springhill,ZIP5_uszipcode,34.38757618867561,-84.93366592018536,2020-08-21 20:10:58.179467
71,IP268 0268 INTERNATIONAL PAPER,MANSFIELD,LA,71052,USA,71052,32.0,-93.7,Mansfield,ZIP5_uszipcode,39.8658159859267,-75.27637012122497,2020-08-21 20:10:58.436786
72,IP269 0269 INTERNATIONAL PAPER,PINEVILLE,LA,71361,USA,71361,,,Pineville,ZIP5_uszipcode,39.86590230201346,-75.27640303182382,2020-08-21 20:10:58.642248
73,IP273 0273 INTERNATIONAL PAPER,WILMINGTON,OH,45177,USA,45177,39.5,-83.8,Wilmington,ZIP5_uszipcode,39.452064514160156,-83.8536376953125,2020-08-21 20:10:58.839722
74,IP312 USCB - LEXINGTON,LEXINGTON,KY,40509,USA,40509,37.99,-84.37,Lexington,ZIP5_uszipcode,38.046356201171875,-84.49702453613281,2020-08-21 20:10:59.004287
75,"IP321 USCB - KANSAS CITY, MO",KANSAS CITY,MO,64130,USA,64130,39.03,-94.54,Kansas City,ZIP5_uszipcode,39.30327224731445,-94.70958709716797,2020-08-21 20:10:59.206753
76,IP328 USCB - CEDARBURG,CEDARBURG,WI,53012,USA,53012,43.31,-88.03,Cedarburg,ZIP5_uszipcode,43.288330078125,-87.98750305175781,2020-08-21 20:10:59.397894
77,IP365 USCB - JONESBORO,JONESBORO,AR,72401,USA,72401,35.9,-90.6,Jonesboro,ZIP5_uszipcode,35.84560012817383,-90.68922424316406,2020-08-21 20:10:59.589388
78,IP379 USCB - MORRISTOWN,MORRISTOWN,TN,37813,USA,37813,36.2,-83.3,Morristown,ZIP5_uszipcode,36.18656539916992,-83.27729034423828,2020-08-21 20:10:59.776891
79,IP384 USCB - RICHMOND,RICHMOND,VA,23234,USA,23234,37.47,-77.47,Richmond,ZIP5_uszipcode,37.45073699951172,-77.47538757324219,2020-08-21 20:10:59.963400
80,IP394 USCB - DECATUR,DECATUR,AL,35601,USA,35601,34.61,-87.01,Decatur,ZIP5_uszipcode,34.5885124206543,-86.99491119384766,2020-08-21 20:11:00.178831
81,IP4,TOPEKA,,98277,USA,98277,48.3,-122.7,Oak Harbor,ZIP5_uszipcode,39.05097579956055,-95.6704330444336,2020-08-21 20:11:00.387280
82,IP402 0402 INTERNATIONAL PAPER,MEMPHIS,TN,38197,USA,38197,,,Memphis,ZIP5_uszipcode,35.1020620662001,-89.8483877077793,2020-08-21 20:11:00.604706
83,IP407 USCB - SAN ANTONIO,SAN ANTONIO,TX,78219,USA,78219,29.45,-98.38,San Antonio,ZIP5_uszipcode,29.426773071289062,-98.48759460449219,2020-08-21 20:11:00.809686
84,IP409 USCB - HOUSTON,HOUSTON,MS,38851,USA,38851,33.9,-89.0,Houston,ZIP5_uszipcode,33.89778137207031,-88.9970474243164,2020-08-21 20:11:00.967644
85,IP410 USCB - HANFORD,HANFORD,CA,93230,USA,93230,36.3,-119.6,Hanford,ZIP5_uszipcode,36.33285140991211,-119.647705078125,2020-08-21 20:11:01.129743
86,IP425 USCB - SAVANNAH,SAVANNAH,GA,31415,USA,31415,32.08,-81.13,Savannah,ZIP5_uszipcode,32.07136535644531,-81.11672973632812,2020-08-21 20:11:01.312309
87,IP433 USCB - DES PLAINES,DES PLAINES,IL,60018,USA,60018,42.0,-87.9,Des Plaines,ZIP5_uszipcode,42.04079818725586,-87.88670349121094,2020-08-21 20:11:01.469890
88,IP437 0437 ARIZONA CHEMIC*DO NOT USE*,PANAMA CITY,FL,32401,USA,32401,30.16,-85.67,Panama City,ZIP5_uszipcode,30.16512680053711,-85.65775299072266,2020-08-21 20:11:01.648203
89,IP462 0462 INTERNATIONAL PAPER,HAMLET,NC,28345,USA,28345,34.9,-79.7,Hamlet,ZIP5_uszipcode,34.882225036621094,-79.69189453125,2020-08-21 20:11:01.888126
90,IP5,JAPAN,,98277,USA,98277,48.3,-122.7,Oak Harbor,ZIP5_uszipcode,35.71829605102539,140.68161010742188,2020-08-21 20:11:02.052691
92,IP512 USCB - AUBURN,AUBURN,ME,04210,USA,04210,44.1,-70.2,Auburn,ZIP5_uszipcode,44.08828353881836,-70.24176788330078,2020-08-21 20:11:02.231278
93,IP519 0519 INTERNATIONAL PAPER,SUMTER,SC,29154,USA,29154,33.9,-80.5,Sumter,ZIP5_uszipcode,33.910621643066406,-80.42616271972656,2020-08-21 20:11:02.454680
94,IP520 0520 INTERNATIONAL PAPER,FRANKLIN,VA,23851,USA,23851,36.7,-77.0,Franklin,ZIP5_uszipcode,37.43813796610689,-79.9083599599447,2020-08-21 20:11:02.748905
95,IP525 0525 INTERNATIONAL PAPER,PROSPERITY,SC,29127,USA,29127,34.2,-81.5,Prosperity,ZIP5_uszipcode,34.16223907470703,-81.5165786743164,2020-08-21 20:11:02.944820
96,IP526 0526 INTERNATIONAL PAPER,STURGIS,MI,49091,USA,49091,41.8,-85.4,Sturgis,ZIP5_uszipcode,41.80425320974668,-85.42734409972729,2020-08-21 20:11:03.174731
97,IP528 0528 INTERNATIONAL PAPER,WEST HAZLETON,PA,18202,USA,18202,41.0,-76.0,Hazleton,ZIP5_uszipcode,40.958473205566406,-75.99544525146484,2020-08-21 20:11:03.380342
98,IP531 USCB - SPARTANBURG,WELLFORD,SC,29385,USA,29385,34.97,-82.1,Wellford,ZIP5_uszipcode,34.947914123535156,-81.93466186523438,2020-08-21 20:11:03.553058
99,IP552 USCB - FOREST PARK,FOREST PARK,GA,30297,USA,30297,33.61,-84.36,Forest Park,ZIP5_uszipcode,33.61237716674805,-84.36983489990234,2020-08-21 20:11:03.703661
100,IP559 USCB - CONWAY GRAPHICS,CONWAY,AR,72032,USA,72032,35.1,-92.4,Conway,ZIP5_uszipcode,35.09257125854492,-92.41072082519531,2020-08-21 20:11:03.866245
101,IP560 0560 INTERNATIONAL PAPER,FORT WORTH,TX,76107,USA,76107,32.74,-97.38,Fort Worth,ZIP5_uszipcode,32.84392579809527,-97.07509835810527,2020-08-21 20:11:04.096623
102,IP563 USCB - STOCKTON,STOCKTON,CA,95215,USA,95215,38.0,-121.1,Stockton,ZIP5_uszipcode,37.96202087402344,-121.21665954589844,2020-08-21 20:11:04.338985
103,IP593 0593 INTERNATIONAL PAPER,WEST DEPTFORD,NJ,08086,USA,08086,39.86,-75.18,Thorofare,ZIP5_uszipcode,39.84225082397461,-75.19696044921875,2020-08-21 20:11:04.544162
104,IP6044 6044 ARIZONA CHEMIC*DO NOT USE*,SAVANNAH,GA,31415,USA,31415,32.08,-81.13,Savannah,ZIP5_uszipcode,32.07136535644531,-81.11672973632812,2020-08-21 20:11:04.773553
105,IP609 0609 INTERNATIONAL PA*DO NOT USE*,ROANOKE RAPIDS,NC,27870,USA,27870,36.43,-77.71,Roanoke Rapids,ZIP5_uszipcode,36.45176696777344,-77.67538452148438,2020-08-21 20:11:05.031386
106,IP612 DO NOT USE,BRISTOL,PA,19007,USA,19007,40.12,-74.85,Bristol,ZIP5_uszipcode,40.11344528198242,-74.86515808105469,2020-08-21 20:11:05.233852
107,IP614 0614 INTERNATIONAL PAPER,MEMPHIS,TN,38141,USA,38141,35.01,-89.85,Memphis,ZIP5_uszipcode,35.103141050003,-89.8483370501855,2020-08-21 20:11:05.463247
108,IP618 0618 INTERNATIONAL PAPER,CANTONMENT,FL,32533,USA,32533,30.62,-87.32,Cantonment,ZIP5_uszipcode,30.60637092590332,-87.3168716430664,2020-08-21 20:11:05.622834
109,IP623 0623 INTERNATIONAL*DO NOT USE*,DALLAS,TX,75212,USA,75212,32.78,-96.87,Dallas,ZIP5_uszipcode,32.779720306396484,-96.875244140625,2020-08-21 20:11:05.787404
110,IP627 0627 INTERNATIONAL PAPER,COURTLAND,AL,35618,USA,35618,34.7,-87.3,Courtland,ZIP5_uszipcode,31.852342033106,-88.1435855882426,2020-08-21 20:11:06.032812
111,IP641 USCB - SOLON,SOLON,OH,44139,USA,44139,41.39,-81.44,Solon,ZIP5_uszipcode,41.38630676269531,-81.44523620605469,2020-08-21 20:11:06.201401
112,IP652 0652 INTERNATIONAL PA*DO NOT USE*,FORDYCE,AR,71742,USA,71742,33.8,-92.5,Fordyce,ZIP5_uszipcode,33.81352615356445,-92.41943359375,2020-08-21 20:11:06.417051
113,IP660 0660 INTERNATIONAL PAPER,AUGUSTA,GA,30906,USA,30906,33.3,-82.0,Augusta,ZIP5_uszipcode,33.3704860526676,-81.9832141692973,2020-08-21 20:11:06.610533
114,IP661 0661 INTERNATIONAL PAPER,RIEGELWOOD,NC,28456,USA,28456,34.4,-78.3,Riegelwood,ZIP5_uszipcode,34.5618260016336,-77.8975000004414,2020-08-21 20:11:06.853888
115,IP6767 6767 INTERNATIONAL PAPER,CINCINNATI,OH,45241,USA,45241,39.27,-84.4,Cincinnati,ZIP5_uszipcode,39.3038119000018,-84.4430524500323,2020-08-21 20:11:07.113205
116,IP6768 6768 INTERNATIONAL PAPER,ROCKLIN,CA,95765,USA,95765,38.83,-121.29,Rocklin,ZIP5_uszipcode,38.813392639160156,-121.27883911132812,2020-08-21 20:11:07.298206
117,IP6773 6773 INTERNATIONAL PAPER,VALDOSTA,GA,31603,USA,31603,,,Valdosta,ZIP5_uszipcode,30.89778946377959,-88.22486693494469,2020-08-21 20:11:07.508684
118,IP6808 6808 INTERNATIONAL PAPER,FREEPORT,TX,77541,USA,77541,29.0,-95.3,Freeport,ZIP5_uszipcode,30.897931807679978,-88.22478715260779,2020-08-21 20:11:07.691108
119,IP6926 6926 INTERNATIONAL PAPER,CRUM LYNNE,PA,19022,USA,19022,39.86,-75.33,Crum Lynne,ZIP5_uszipcode,39.86754608154297,-75.33928680419922,2020-08-21 20:11:07.942966
120,IP6927 6927 INTERNATIONAL PAPER,NEW HAVEN,IN,46774,USA,46774,41.1,-85.0,New Haven,ZIP5_uszipcode,41.072242736816406,-85.00846862792969,2020-08-21 20:11:08.148928
121,IP6931 6931 INTERNATIONAL PAPER,CHICAGO,IL,60638,USA,60638,41.78,-87.77,Chicago,ZIP5_uszipcode,41.785465240478516,-87.77420806884766,2020-08-21 20:11:08.350397
122,IP6932 6932 INTERNATIONAL PAPER,MONROE,LA,71201,USA,71201,32.53,-92.11,Monroe,ZIP5_uszipcode,30.897870780588377,-88.22491230186334,2020-08-21 20:11:08.583782
123,IP6939 9425 INTERNATIONAL PAPER,GULFPORT,MS,39501,USA,39501,30.39,-89.07,Gulfport,ZIP5_uszipcode,30.897263492104404,-88.2282032423241,2020-08-21 20:11:08.880996
124,IP6940 9422 INTERNATIONAL PAPER,GULFPORT,MS,39502,USA,39502,,,Gulfport,ZIP5_uszipcode,30.897358529161398,-88.22790463900857,2020-08-21 20:11:09.090444
125,IP6945 6945 INTERNATIONAL PAPER,BALTIMORE,MD,21230,USA,21230,39.26,-76.62,Baltimore,ZIP5_uszipcode,30.897709451573302,-88.22503101668565,2020-08-21 20:11:09.301885
126,IP6946 USCB - LAKE WALES,LAKE WALES,FL,33859,USA,33859,27.9,-81.6,Lake Wales,ZIP5_uszipcode,27.901365280151367,-81.5733871459961,2020-08-21 20:11:09.478939
127,IP6947 USCB - HARTFORD CITY,HARTFORD CITY,IN,47348,USA,47348,40.5,-85.3,Hartford City,ZIP5_uszipcode,40.44093704223633,-85.36251831054688,2020-08-21 20:11:09.674932
128,IP6948 USCB - NORTHLAKE,NORTHLAKE,IL,60164,USA,60164,41.92,-87.89,Melrose Park,ZIP5_uszipcode,41.91600799560547,-87.89380645751953,2020-08-21 20:11:09.831527
129,IP6953 6953 INTERNATIONAL PAPER,SHARPSBURG,PA,15215,USA,15215,40.51,-79.91,Pittsburgh,ZIP5_uszipcode,30.897705730068914,-88.22503864839068,2020-08-21 20:11:10.069769
130,IP6955 6955 INTERNATIONAL*DO NOT USE*,LOUISVILLE,KY,40218,USA,40218,38.19,-85.66,Louisville,ZIP5_uszipcode,38.2253303527832,-85.74169921875,2020-08-21 20:11:10.232348
131,IP6956 USCB - CHESAPEAKE,CHESAPEAKE,VA,23323,USA,23323,36.7,-76.4,Chesapeake,ZIP5_uszipcode,36.75654220581055,-76.33853912353516,2020-08-21 20:11:10.390927
132,IP6957 6957 INTERNATIONAL PAPER*DO NOT USE,MEMPHIS,TN,38109,USA,38109,35.1,-90.2,Memphis,ZIP5_uszipcode,35.039730072021484,-90.0757064819336,2020-08-21 20:11:10.566458
133,IP6958 USCB - LAURENS,LAURENS,SC,29360,USA,29360,34.5,-82.1,Laurens,ZIP5_uszipcode,34.49814224243164,-82.03460693359375,2020-08-21 20:11:10.730026
134,IP6959 USCB - NEWARK,NEWARK,OH,43055,USA,43055,40.1,-82.4,Newark,ZIP5_uszipcode,40.072479248046875,-82.41539001464844,2020-08-21 20:11:10.912543
135,IP6960 USCB - EIGHTY FOUR,EIGHTY FOUR,PA,15330,USA,15330,40.2,-80.1,Eighty Four,ZIP5_uszipcode,40.18928527832031,-80.1151351928711,2020-08-21 20:11:11.124219
136,IP6961 6961 INTERNATIONAL PAPER,KANSAS CITY,MO,64116,USA,64116,39.15,-94.57,Kansas City,ZIP5_uszipcode,39.2970126147268,-94.6932088031322,2020-08-21 20:11:11.414014
137,IP6966 USCB - VERNON,LOS ANGELES,CA,90040,USA,90040,33.99,-118.15,Los Angeles,ZIP5_uszipcode,33.996429443359375,-118.1482162475586,2020-08-21 20:11:11.591253
138,IP6968 6968 ROLLSTOCK T CO,MEMPHIS,TN,38118,USA,38118,35.04,-89.93,Memphis,ZIP5_uszipcode,35.052337646484375,-89.92459869384766,2020-08-21 20:11:11.800768
139,IP6970 USCB - STOCKBRIDGE,STOCKBRIDGE,GA,30281,USA,30281,33.6,-84.2,Stockbridge,ZIP5_uszipcode,33.55683135986328,-84.21231842041016,2020-08-21 20:11:11.962363
140,IP6972 6972 INTERNATIONAL PAPER,FORT MADISON,IA,52627,USA,52627,40.6,-91.4,Fort Madison,ZIP5_uszipcode,40.63562774658203,-91.338134765625,2020-08-21 20:11:12.190763
141,IP7034 9430 INTERNATIONAL PAPER,LAKEVILLE,MN,55044,USA,55044,44.6,-93.3,Lakeville,ZIP5_uszipcode,44.67292785644531,-93.26959228515625,2020-08-21 20:11:12.358319
142,IP7035 9431 INTERNATIONAL PAPER,FOND DU LAC,WI,54937,USA,54937,43.8,-88.4,Fond Du Lac,ZIP5_uszipcode,43.79180908203125,-88.46528625488281,2020-08-21 20:11:12.543828
143,IP7036 7036 INTERNATIONAL PAPER,CULLMAN,AL,35055,USA,35055,34.2,-86.7,Cullman,ZIP5_uszipcode,30.89781959649548,-88.22501726560685,2020-08-21 20:11:12.752279
144,IP7040 7040 INTERNATIONAL PAPER,SANTA FE SPRINGS,CA,90670,USA,90670,33.93,-118.06,Santa Fe Springs,ZIP5_uszipcode,33.935333251953125,-118.06433868408203,2020-08-21 20:11:13.008303
145,IP7041 7041 INTERNATIONAL PAPER,DENVER,CO,80239,USA,80239,39.78,-104.84,Denver,ZIP5_uszipcode,35.429397055797075,-80.65485077269092,2020-08-21 20:11:13.256658
146,IP7042 7042 INTERNATIONAL PAPER,SAN LORENZO,CA,94580,USA,94580,37.68,-122.14,San Lorenzo,ZIP5_uszipcode,37.68216323852539,-122.12841033935547,2020-08-21 20:11:13.479818
147,IP707 USCB - FT WAYNE,FORT WAYNE,IN,46809,USA,46809,41.01,-85.21,Fort Wayne,ZIP5_uszipcode,40.97968673706055,-85.1974868774414,2020-08-21 20:11:13.658640
148,IP7089 7089 IPAD INC,NATIONAL CITY,CA,91950,USA,91950,32.67,-117.09,National City,ZIP5_uszipcode,32.67133331298828,-117.09378814697266,2020-08-21 20:11:13.851963
149,IP7091 7091 INTERNATIONAL PAPER,GREENSBORO,NC,27407,USA,27407,36.01,-79.87,Greensboro,ZIP5_uszipcode,36.0785627336255,-79.9377978768336,2020-08-21 20:11:14.104297
150,IP7101 7101 INTERNATIONAL PAPER,FEDERAL WAY,WA,98001,USA,98001,47.31,-122.27,Auburn,ZIP5_uszipcode,47.31517791748047,-122.33465576171875,2020-08-21 20:11:14.370919
151,IP7106 7106 INTERNATIONAL PAPER,PINE HILL,AL,36769,USA,36769,32.0,-87.5,Pine Hill,ZIP5_uszipcode,30.89778514562387,-88.22508791420108,2020-08-21 20:11:14.630250
152,IP7107 7107 INTERNATIONAL PAPER,OXNARD,CA,93033,USA,93033,34.15,-119.14,Oxnard,ZIP5_uszipcode,34.16978073120117,-119.1692886352539,2020-08-21 20:11:14.824719
153,IP7108 7108 INTERNATIONAL PAPER,CEDAR RAPIDS,IA,52404,USA,52404,41.9,-91.7,Cedar Rapids,ZIP5_uszipcode,41.94588851928711,-91.68630981445312,2020-08-21 20:11:15.045136
154,IP7109 7109 INTERNATIONAL PAPER,HENDERSON,KY,42420,USA,42420,37.8,-87.5,Henderson,ZIP5_uszipcode,37.83146286010742,-87.57032012939453,2020-08-21 20:11:15.274532
155,IP7110 7110 INTERNATIONAL PAPER,CAMPTI,LA,71411,USA,71411,31.9,-93.1,Campti,ZIP5_uszipcode,31.896604537963867,-93.10796356201172,2020-08-21 20:11:15.500935
156,IP7113 7113 INTERNATIONAL PAPER,VALLIANT,OK,74764,USA,74764,34.0,-95.1,Valliant,ZIP5_uszipcode,34.01980972290039,-95.0782699584961,2020-08-21 20:11:15.700546
157,IP7114 7114 INTERNATIONAL PAPER,ALBANY,OR,97321,USA,97321,44.6,-123.2,Albany,ZIP5_uszipcode,38.16488281277737,-85.88620594222284,2020-08-21 20:11:15.914978
158,IP7115 7115 INTERNATIONAL PAPER,SPRINGFIELD,OR,97478,USA,97478,44.1,-122.8,Springfield,ZIP5_uszipcode,31.8541708230406,-88.1314852687126,2020-08-21 20:11:16.142377
159,IP7118 7118 INTERNATIONAL PAPER,PHOENIX,AZ,85034,USA,85034,33.43,-112.01,Phoenix,ZIP5_uszipcode,33.435508728027344,-112.02705383300781,2020-08-21 20:11:16.351823
160,IP7119 7119 INTERNATIONAL PAPER,FREMONT,CA,94538,USA,94538,37.51,-121.99,Fremont,ZIP5_uszipcode,37.76005543401297,-122.18898165153571,2020-08-21 20:11:16.637802
161,IP7120 7120 INTERNATIONAL PAPER,NORWALK,CA,90650,USA,90650,33.91,-118.08,Norwalk,ZIP5_uszipcode,33.8044831757713,-118.014252201407,2020-08-21 20:11:16.854232
162,IP7121 7121 INTERNATIONAL PAPER,W SACRAMENTO,CA,95691,USA,95691,38.6,-121.6,West Sacramento,ZIP5_uszipcode,38.576934814453125,-121.49494934082031,2020-08-21 20:11:17.057001
163,IP7122 7122 INTERNATIONAL PAPER,DENVER,CO,80216,USA,80216,39.79,-104.95,Denver,ZIP5_uszipcode,35.42870759486984,-80.65491993598009,2020-08-21 20:11:17.355237
164,IP7123 7123 INTERNATIONAL PAPER,DES MOINES,IA,50316,USA,50316,41.61,-93.6,Des Moines,ZIP5_uszipcode,41.605106353759766,-93.59976959228516,2020-08-21 20:11:17.590614
165,IP7124 7124 INTERNATIONAL PAPER,ITASCA,IL,60143,USA,60143,41.97,-88.02,Itasca,ZIP5_uszipcode,41.970977783203125,-88.01971435546875,2020-08-21 20:11:17.812030
166,IP7125 7125 INTERNATIONAL PAPER,TERRE HAUTE,IN,47803,USA,47803,39.47,-87.31,Terre Haute,ZIP5_uszipcode,39.46855926513672,-87.34407043457031,2020-08-21 20:11:18.012506
167,IP7126 7126 INTERNATIONAL PAPER,WICHITA,KS,67215,USA,67215,37.61,-97.42,Wichita,ZIP5_uszipcode,37.6270866394043,-97.42552185058594,2020-08-21 20:11:18.228929
168,IP7127 7127 INTERNATIONAL PAPER,WICHITA,KS,67215,USA,67215,37.61,-97.42,Wichita,ZIP5_uszipcode,37.6270866394043,-97.42552185058594,2020-08-21 20:11:18.398664
169,IP7128 7128 INTERNATIONAL PAPER,BALTIMORE,MD,21227,USA,21227,39.24,-76.67,Halethorpe,ZIP5_uszipcode,30.897774318192372,-88.22511011804838,2020-08-21 20:11:18.629667
170,IP7129 7129 INTERNATIONAL PAPER,NEW BRIGHTON,MN,55112,USA,55112,45.08,-93.19,Saint Paul,ZIP5_uszipcode,44.8598113500206,-93.2257848998972,2020-08-21 20:11:18.868941
171,IP7131 7131 INTERNATIONAL PAPER,CHARLOTTE,NC,28206,USA,28206,35.25,-80.82,Charlotte,ZIP5_uszipcode,35.25265884399414,-80.82028198242188,2020-08-21 20:11:19.114293
172,IP7132 7132 INTERNATIONAL PAPER,CHARLOTTE,NC,28206,USA,28206,35.25,-80.82,Charlotte,ZIP5_uszipcode,35.25265884399414,-80.82028198242188,2020-08-21 20:11:19.352670
173,IP7133 7133 INTERNATIONAL PAPER,OMAHA,NE,68112,USA,68112,41.4,-95.9,Omaha,ZIP5_uszipcode,41.3400993347168,-95.9609146118164,2020-08-21 20:11:19.595023
174,IP7134 7134 INTERNATIONAL PAPER,BEAVERTON,OR,97005,USA,97005,45.5,-122.8,Beaverton,ZIP5_uszipcode,45.488407135009766,-122.80489349365234,2020-08-21 20:11:19.812450
175,IP7135 7135 INTERNATIONAL PAPER,BEAVERTON,OR,97005,USA,97005,45.5,-122.8,Beaverton,ZIP5_uszipcode,45.488407135009766,-122.80489349365234,2020-08-21 20:11:20.172013
176,IP7136 7136 INTERNATIONAL PAPER,EUGENE,OR,97403,USA,97403,44.03,-123.03,Eugene,ZIP5_uszipcode,44.041744232177734,-123.06314086914062,2020-08-21 20:11:20.344612
177,IP7137 7137 INTERNATIONAL PAPER,MEMPHIS,TN,38109,USA,38109,35.1,-90.2,Memphis,ZIP5_uszipcode,35.1020620662001,-89.8483877077793,2020-08-21 20:11:20.559392
178,IP7138 7138 INTERNATIONAL PAPER,CARROLLTON,TX,75006,USA,75006,32.95,-96.89,Carrollton,ZIP5_uszipcode,32.96137237548828,-96.89019012451172,2020-08-21 20:11:20.799348
179,IP7139 7139 INTERNATIONAL PAPER,CARROLLTON,TX,75006,USA,75006,32.95,-96.89,Carrollton,ZIP5_uszipcode,32.96137237548828,-96.89019012451172,2020-08-21 20:11:21.001814
180,IP7140 7140 INTERNATIONAL PAPER,SALT LAKE CITY,UT,84104,USA,84104,40.75,-111.99,Salt Lake City,ZIP5_uszipcode,40.7430419921875,-111.9459457397461,2020-08-21 20:11:21.277092
181,IP7141 7141 INTERNATIONAL PAPER,RICHMOND,VA,23224,USA,23224,37.5,-77.48,Richmond,ZIP5_uszipcode,31.8541708230406,-88.1314852687126,2020-08-21 20:11:21.497542
182,IP7143 7143 INTERNATIONAL PAPER,FEDERAL WAY,WA,98001,USA,98001,47.31,-122.27,Auburn,ZIP5_uszipcode,47.31517791748047,-122.33465576171875,2020-08-21 20:11:21.726449
183,IP7144 7144 INTERNATIONAL PAPER,KENT,WA,98032,USA,98032,47.4,-122.26,Kent,ZIP5_uszipcode,47.3937530000003,-122.294929300011,2020-08-21 20:11:21.957644
184,IP7145 7145 INTERNATIONAL PAPER,FEDERAL WAY,WA,98001,USA,98001,47.31,-122.27,Auburn,ZIP5_uszipcode,47.31517791748047,-122.33465576171875,2020-08-21 20:11:22.195867
185,IP7146 7146 INTERNATIONAL PAPER,FEDERAL WAY,WA,98001,USA,98001,47.31,-122.27,Auburn,ZIP5_uszipcode,47.31517791748047,-122.33465576171875,2020-08-21 20:11:22.431246
186,IP7147 7147 INTERNATIONAL PAPER,FEDERAL WAY,WA,98001,USA,98001,47.31,-122.27,Auburn,ZIP5_uszipcode,47.31517791748047,-122.33465576171875,2020-08-21 20:11:22.672326
187,IP7148 7148 INTERNATIONAL PAPER,FEDERAL WAY,WA,98001,USA,98001,47.31,-122.27,Auburn,ZIP5_uszipcode,47.31517791748047,-122.33465576171875,2020-08-21 20:11:23.051319
188,IP7149 7149 INTERNATIONAL PAPER,FEDERAL WAY,WA,98001,USA,98001,47.31,-122.27,Auburn,ZIP5_uszipcode,47.31517791748047,-122.33465576171875,2020-08-21 20:11:23.290686
189,IP7150 7150 INTERNATIONAL PAPER,FEDERAL WAY,WA,98001,USA,98001,47.31,-122.27,Auburn,ZIP5_uszipcode,47.31517791748047,-122.33465576171875,2020-08-21 20:11:23.617823
190,IP7151 USCB - BUENA PARK BAG,BUENA PARK,CA,90620,USA,90620,33.84,-118.01,Buena Park,ZIP5_uszipcode,33.843048095703125,-118.01522827148438,2020-08-21 20:11:23.808870
191,IP7152 USCB - CHARLOTTE BAG,CHARLOTTE,NC,28273,USA,28273,35.12,-80.93,Charlotte,ZIP5_uszipcode,35.13021469116211,-80.9442367553711,2020-08-21 20:11:23.993382
192,IP7153 USCB - BEAVERTON BAG,BEAVERTON,OR,97005,USA,97005,45.5,-122.8,Beaverton,ZIP5_uszipcode,45.488407135009766,-122.80489349365234,2020-08-21 20:11:24.166924
193,IP7154 USCB -GRAND PRAIRIE BAG,GRAND PRAIRIE,TX,75050,USA,75050,32.78,-96.99,Grand Prairie,ZIP5_uszipcode,32.766719818115234,-97.01669311523438,2020-08-21 20:11:24.338740
194,IP7155 7155 INTERNATIONAL PAPER,DELAWARE,OH,43015,USA,43015,40.3,-83.1,Delaware,ZIP5_uszipcode,40.277137756347656,-83.07162475585938,2020-08-21 20:11:24.586081
195,IP7156 7156 INTERNATIONAL PAPER,BEAVERTON,OR,97005,USA,97005,45.5,-122.8,Beaverton,ZIP5_uszipcode,45.488407135009766,-122.80489349365234,2020-08-21 20:11:24.808498
196,IP7163 USCB - HUNTSVILLE,HUNTSVILLE,AL,35824,USA,35824,34.65,-86.72,Huntsville,ZIP5_uszipcode,34.649024963378906,-86.73971557617188,2020-08-21 20:11:24.956105
197,IP7164 USCB - FORT SMITH,FORT SMITH,AR,72908,USA,72908,35.31,-94.41,Fort Smith,ZIP5_uszipcode,35.30179977416992,-94.40644073486328,2020-08-21 20:11:25.175527
198,IP7165 USCB - RUSSELLVILLE SF,RUSSELLVILLE,AR,72802,USA,72802,35.3,-93.1,Russellville,ZIP5_uszipcode,35.30507278442383,-93.1031723022461,2020-08-21 20:11:25.353934
199,IP7166 USCB - PHOENIX,TOLLESON,AZ,85353,USA,85353,33.42,-112.28,Tolleson,ZIP5_uszipcode,33.42227554321289,-112.27250671386719,2020-08-21 20:11:25.555404
200,IP7167 USCB - YUMA,YUMA,AZ,85365,USA,85365,32.8,-114.5,Yuma,ZIP5_uszipcode,32.67299270629883,-114.54400634765625,2020-08-21 20:11:25.737096
201,IP7168 USCB - ANAHEIM,ANAHEIM,CA,92805,USA,92805,33.83,-117.91,Anaheim,ZIP5_uszipcode,33.82952880859375,-117.90921020507812,2020-08-21 20:11:25.898411
202,IP7169 USCB - COMPTON,COMPTON,CA,90221,USA,90221,33.88,-118.2,Compton,ZIP5_uszipcode,33.890323638916016,-118.20619201660156,2020-08-21 20:11:26.056502
203,IP7170 USCB - ELK GROVE,ELK GROVE,CA,95624,USA,95624,38.4,-121.3,Elk Grove,ZIP5_uszipcode,38.4090619974762,-121.354491744529,2020-08-21 20:11:26.331825
204,IP7171 USCB - EXETER,EXETER,CA,93221,USA,93221,36.3,-119.1,Exeter,ZIP5_uszipcode,36.298892974853516,-119.13418579101562,2020-08-21 20:11:26.501380
205,IP7172 USCB - MODESTO WEST,MODESTO,CA,95354,USA,95354,37.64,-120.97,Modesto,ZIP5_uszipcode,37.621604919433594,-121.02967071533203,2020-08-21 20:11:26.673921
206,IP7173 USCB - SALINAS,SALINAS,CA,93901,USA,93901,36.66,-121.65,Salinas,ZIP5_uszipcode,36.667110443115234,-121.65372467041016,2020-08-21 20:11:26.857436
207,IP7174 USCB - SANGER,SANGER,CA,93657,USA,93657,36.8,-119.4,Sanger,ZIP5_uszipcode,36.715396881103516,-119.55661010742188,2020-08-21 20:11:27.060156
208,IP7175 USCB - SANTA PAULA,SANTA PAULA,CA,93060,USA,93060,34.4,-119.1,Santa Paula,ZIP5_uszipcode,34.3454521007567,-119.091041137424,2020-08-21 20:11:27.409670
209,IP7176 USCB - CAMARILLO,CAMARILLO,CA,93010,USA,93010,34.23,-119.06,Camarillo,ZIP5_uszipcode,34.23199462890625,-119.0487060546875,2020-08-21 20:11:27.577229
210,IP7177 USCB - GOLDEN,GOLDEN,CO,80403,USA,80403,39.8,-105.3,Golden,ZIP5_uszipcode,39.86943817138672,-105.28062438964844,2020-08-21 20:11:27.751259
211,IP7178 USCB - PLANT CITY,PLANT CITY,FL,33566,USA,33566,27.99,-82.13,Plant City,ZIP5_uszipcode,27.989147186279297,-82.14341735839844,2020-08-21 20:11:27.916822
212,IP7179 USCB - TAMPA,TAMPA,FL,33610,USA,33610,28.0,-82.38,Tampa,ZIP5_uszipcode,27.993675231933594,-82.3965072631836,2020-08-21 20:11:28.113303
213,IP7180 USCB - COLUMBUS,COLUMBUS,GA,31907,USA,31907,32.48,-84.87,Columbus,ZIP5_uszipcode,32.485870361328125,-84.9020767211914,2020-08-21 20:11:28.289838
214,IP7181 USCB - GRIFFIN,GRIFFIN,GA,30224,USA,30224,33.2,-84.2,Griffin,ZIP5_uszipcode,33.22806167602539,-84.25627136230469,2020-08-21 20:11:28.473355
215,IP7182 USCB - LITHONIA,LITHONIA,GA,30058,USA,30058,33.74,-84.1,Lithonia,ZIP5_uszipcode,33.7268180847168,-84.12689971923828,2020-08-21 20:11:28.654875
216,IP7183 7183 INTERNATIONAL PAPER,TUCKER,GA,30084,USA,30084,33.86,-84.21,Tucker,ZIP5_uszipcode,33.85005569458008,-84.22026062011719,2020-08-21 20:11:28.865318
217,IP7184 USCB - CEDAR RAPIDS,CEDAR RAPIDS,IA,52402,USA,52402,42.02,-91.66,Cedar Rapids,ZIP5_uszipcode,42.02016830444336,-91.66079711914062,2020-08-21 20:11:29.037872
218,IP7185 USCB - WATERLOO,WATERLOO,IA,50703,USA,50703,42.6,-92.3,Waterloo,ZIP5_uszipcode,42.51618957519531,-92.33036041259766,2020-08-21 20:11:29.205899
219,IP7186 USCB - AURORA,AURORA,IL,60504,USA,60504,41.75,-88.25,Aurora,ZIP5_uszipcode,41.74257278442383,-88.24415588378906,2020-08-21 20:11:29.419594
220,IP7187 USCB - MONTGOMERY,MONTGOMERY,IL,60538,USA,60538,41.72,-88.35,Montgomery,ZIP5_uszipcode,41.7120475769043,-88.34659576416016,2020-08-21 20:11:29.611665
221,IP7188 USCB - BEDFORD PARK BOX,BEDFORD PARK,IL,60638,USA,60638,41.78,-87.77,Chicago,ZIP5_uszipcode,41.77288055419922,-87.81682586669922,2020-08-21 20:11:29.803181
222,IP7189 USCB - BELLEVILLE,BELLEVILLE,IL,62226,USA,62226,38.52,-90.0,Belleville,ZIP5_uszipcode,38.54316711425781,-90.00348663330078,2020-08-21 20:11:29.966112
223,IP7190 USCB - LINCOLN,LINCOLN,IL,62656,USA,62656,40.1,-89.4,Lincoln,ZIP5_uszipcode,40.14617919921875,-89.37126159667969,2020-08-21 20:11:30.130680
224,IP7191 USCB - ROCKFORD,ROCKFORD,IL,61104,USA,61104,42.25,-89.08,Rockford,ZIP5_uszipcode,42.255062103271484,-89.07890319824219,2020-08-21 20:11:30.343118
225,IP7192 USCB - BUTLER,BUTLER,IN,46721,USA,46721,41.4,-84.9,Butler,ZIP5_uszipcode,41.42994689941406,-84.87133026123047,2020-08-21 20:11:30.537111
226,IP7193 USCB - INDIANAPOLIS,INDIANAPOLIS,IN,46219,USA,46219,39.78,-86.05,Indianapolis,ZIP5_uszipcode,39.790828704833984,-86.14778137207031,2020-08-21 20:11:30.700135
227,IP7194 7194 INTERNATIONAL PAPER,KANSAS CITY,KS,66115,USA,66115,39.14,-94.61,Kansas City,ZIP5_uszipcode,39.13435390161561,-85.96558577520452,2020-08-21 20:11:30.892491
228,IP7195 USCB - BOWLING GREEN,BOWLING GREEN,KY,42101,USA,42101,37.0,-86.5,Bowling Green,ZIP5_uszipcode,37.010372161865234,-86.44698333740234,2020-08-21 20:11:31.085231
229,IP7196 USCB - LOUISVILLE,LOUISVILLE,KY,40218,USA,40218,38.19,-85.66,Louisville,ZIP5_uszipcode,38.2253303527832,-85.74169921875,2020-08-21 20:11:31.282223
230,IP7197 7197 INTERNATIONAL PAPER,WALTON,KY,41094,USA,41094,38.9,-84.6,Walton,ZIP5_uszipcode,38.87763214111328,-84.61935424804688,2020-08-21 20:11:31.475773
231,IP7198 USCB - THREE RIVERS,THREE RIVERS,MI,49093,USA,49093,42.0,-85.7,Three Rivers,ZIP5_uszipcode,41.95299530029297,-85.63867950439453,2020-08-21 20:11:31.707162
232,IP7199 7199 INTERNATIONAL PAPER,WARREN,MI,48089,USA,48089,42.47,-83.0,Warren,ZIP5_uszipcode,42.466068267822266,-82.99600982666016,2020-08-21 20:11:31.924592
233,IP7201 USCB - AUSTIN,AUSTIN,MN,55912,USA,55912,43.7,-93.0,Austin,ZIP5_uszipcode,43.67583465576172,-92.98674011230469,2020-08-21 20:11:32.117084
234,IP7202 USCB - FRIDLEY,FRIDLEY,MN,55432,USA,55432,45.1,-93.26,Minneapolis,ZIP5_uszipcode,45.08613967895508,-93.25835418701172,2020-08-21 20:11:32.286423
235,IP7203 7203 INTERNATIONAL PAPER,SAINT PAUL,MN,55113,USA,55113,45.01,-93.16,Saint Paul,ZIP5_uszipcode,44.8591777000001,-93.2254894499961,2020-08-21 20:11:32.494887
236,IP7204 USCB - WHITE BEAR LAKE,WHITE BEAR LAKE,MN,55110,USA,55110,45.09,-93.0,Saint Paul,ZIP5_uszipcode,45.08563232421875,-93.00736999511719,2020-08-21 20:11:32.669590
237,IP7205 USCB - MARYLAND HEIGHTS,MARYLAND HEIGHTS,MO,63043,USA,63043,38.73,-90.45,Maryland Heights,ZIP5_uszipcode,38.717079162597656,-90.44920349121094,2020-08-21 20:11:32.833598
238,IP7206 USCB - ST. JOSEPH,SAINT JOSEPH,MO,64503,USA,64503,39.75,-94.85,Saint Joseph,ZIP5_uszipcode,39.73995590209961,-94.8233871459961,2020-08-21 20:11:33.025602
239,IP7207 USCB - JACKSON,RICHLAND,MS,39218,USA,39218,32.24,-90.16,Richland,ZIP5_uszipcode,32.30289840698242,-90.18348693847656,2020-08-21 20:11:33.202135
240,IP7208 USCB - MAGNOLIA,MAGNOLIA,MS,39652,USA,39652,31.1,-90.5,Magnolia,ZIP5_uszipcode,31.110971450805664,-90.43057250976562,2020-08-21 20:11:33.374681
241,IP7209 USCB - OLIVE BRANCH,OLIVE BRANCH,MS,38654,USA,38654,34.9,-89.8,Olive Branch,ZIP5_uszipcode,34.94923400878906,-89.83328247070312,2020-08-21 20:11:33.556210
242,IP7210 USCB - CHARLOTTE,CHARLOTTE,NC,28208,USA,28208,35.24,-80.91,Charlotte,ZIP5_uszipcode,35.231849670410156,-80.89593505859375,2020-08-21 20:11:33.718772
243,IP7211 USCB - LUMBERTON,LUMBERTON,NC,28360,USA,28360,34.7,-79.1,Lumberton,ZIP5_uszipcode,34.66109085083008,-79.07926177978516,2020-08-21 20:11:33.897300
244,IP7212 USCB - NEWTON,NEWTON,NC,28658,USA,28658,35.6,-81.2,Newton,ZIP5_uszipcode,35.659366607666016,-81.22947692871094,2020-08-21 20:11:34.058037
245,IP7213 USCB - OMAHA,OMAHA,NE,68127,USA,68127,41.21,-96.05,Omaha,ZIP5_uszipcode,41.20930480957031,-96.05005645751953,2020-08-21 20:11:34.216617
246,IP7214 USCB - BARRINGTON,BARRINGTON,NJ,08007,USA,08007,39.86,-75.05,Barrington,ZIP5_uszipcode,39.868045806884766,-75.05343627929688,2020-08-21 20:11:34.376240
247,IP7215 USCB - BELLMAWR,BELLMAWR,NJ,08031,USA,08031,39.87,-75.09,Bellmawr,ZIP5_uszipcode,39.866920471191406,-75.09174346923828,2020-08-21 20:11:34.535818
248,IP7216 USCB - ROCHESTER,ROCHESTER,NY,14612,USA,14612,43.25,-77.67,Rochester,ZIP5_uszipcode,43.25531768798828,-77.6552505493164,2020-08-21 20:11:34.729108
249,IP7217 USCB - DELAWARE,DELAWARE,OH,43015,USA,43015,40.3,-83.1,Delaware,ZIP5_uszipcode,40.2914297254438,-83.0933559704115,2020-08-21 20:11:34.944483
250,IP7218 USCB - EATON,EATON,OH,45320,USA,45320,39.7,-84.7,Eaton,ZIP5_uszipcode,39.74366760253906,-84.65923309326172,2020-08-21 20:11:35.148947
251,IP7219 USCB - MT. VERNON,MOUNT VERNON,OH,43050,USA,43050,40.4,-82.5,Mount Vernon,ZIP5_uszipcode,40.390655517578125,-82.48098754882812,2020-08-21 20:11:35.332460
252,IP7220 USCB - OKLAHOMA CITY,OKLAHOMA CITY,OK,73179,USA,73179,35.42,-97.65,Oklahoma City,ZIP5_uszipcode,35.419010162353516,-97.65389251708984,2020-08-21 20:11:35.500018
253,IP7221 USCB - BEAVERTON,BEAVERTON,OR,97005,USA,97005,45.5,-122.8,Beaverton,ZIP5_uszipcode,45.488407135009766,-122.80489349365234,2020-08-21 20:11:35.666667
254,IP7222 7222 INTERNATIONAL PAPER,HILLSBORO,OR,97124,USA,97124,45.6,-123.0,Hillsboro,ZIP5_uszipcode,45.53063201904297,-122.9339828491211,2020-08-21 20:11:35.884098
255,IP7223 USCB - PORTLAND BOX,PORTLAND,OR,97230,USA,97230,45.55,-122.5,Portland,ZIP5_uszipcode,45.539180755615234,-122.5021743774414,2020-08-21 20:11:36.048659
256,"IP7224 USCB - CLEVELAND, TN",CLEVELAND,TN,37311,USA,37311,35.1,-84.9,Cleveland,ZIP5_uszipcode,35.152774810791016,-84.88565826416016,2020-08-21 20:11:36.245140
257,IP7225 USCB - AMARILLO,AMARILLO,TX,79107,USA,79107,35.23,-101.8,Amarillo,ZIP5_uszipcode,35.23350143432617,-101.810791015625,2020-08-21 20:11:36.405763
258,IP7226 USCB - GRAND PRAIRIE,GRAND PRAIRIE,TX,75050,USA,75050,32.78,-96.99,Grand Prairie,ZIP5_uszipcode,32.766719818115234,-97.01669311523438,2020-08-21 20:11:36.624885
259,IP7227 USCB - MCALLEN,MCALLEN,TX,78501,USA,78501,26.22,-98.24,Mcallen,ZIP5_uszipcode,26.215862274169922,-98.23467254638672,2020-08-21 20:11:36.797429
260,IP7228 USCB - SEALY,SEALY,TX,77474,USA,77474,29.8,-96.2,Sealy,ZIP5_uszipcode,29.778629302978516,-96.1544418334961,2020-08-21 20:11:37.019847
261,IP7229 USCB - LYNCHBURG,LYNCHBURG,VA,24501,USA,24501,37.3,-79.2,Lynchburg,ZIP5_uszipcode,37.39224624633789,-79.1701431274414,2020-08-21 20:11:37.243286
262,IP7230 USCB - BELLEVUE,BELLEVUE,WA,98005,USA,98005,47.62,-122.17,Bellevue,ZIP5_uszipcode,47.61412048339844,-122.16739654541016,2020-08-21 20:11:37.448740
263,IP7232 USCB - MOSES LAKE,MOSES LAKE,WA,98837,USA,98837,47.2,-119.3,Moses Lake,ZIP5_uszipcode,47.13847732543945,-119.2958755493164,2020-08-21 20:11:37.612308
264,IP7233 USCB - OLYMPIA,LACEY,WA,98503,USA,98503,47.03,-122.8,Lacey,ZIP5_uszipcode,47.0355339050293,-122.90082550048828,2020-08-21 20:11:37.802892
265,IP7234 USCB - YAKIMA,UNION GAP,WA,98903,USA,98903,46.5,-120.8,Yakima,ZIP5_uszipcode,46.557228088378906,-120.47531127929688,2020-08-21 20:11:38.016342
266,IP7235 USCB - MANITOWOC,MANITOWOC,WI,54220,USA,54220,44.1,-87.7,Manitowoc,ZIP5_uszipcode,44.09626007080078,-87.68008422851562,2020-08-21 20:11:38.171904
267,IP7236 7236 INTERNATIONAL PAPER,DELAWARE,OH,43015,USA,43015,40.3,-83.1,Delaware,ZIP5_uszipcode,40.277137756347656,-83.07162475585938,2020-08-21 20:11:38.410278
268,IP7237 7237 INTERNATIONAL PAPER,BEAVERTON,OR,97005,USA,97005,45.5,-122.8,Beaverton,ZIP5_uszipcode,45.488407135009766,-122.80489349365234,2020-08-21 20:11:38.633691
269,IP7238 7238 INTERNATIONAL PAPER,CYPRESS,CA,90630,USA,90630,33.82,-118.04,Cypress,ZIP5_uszipcode,30.897720181001095,-88.22522113716222,2020-08-21 20:11:38.886301
270,IP7240 7240 INTERNATIONAL PAPER,AURORA,IL,60504,USA,60504,41.75,-88.25,Aurora,ZIP5_uszipcode,26.146054763329435,-98.28430960704328,2020-08-21 20:11:39.120864
271,IP7242 USCB - Indianapolis Bulk,INDIANAPOLIS,IN,46268,USA,46268,39.9,-86.23,Indianapolis,ZIP5_uszipcode,39.89954376220703,-86.23432159423828,2020-08-21 20:11:39.269473
272,IP7245 USCB - SALEM,SALEM,OR,97302,USA,97302,44.91,-123.05,Salem,ZIP5_uszipcode,44.90253829956055,-123.05182647705078,2020-08-21 20:11:39.441020
273,IP7271 7271 INTERNATIONAL PAPER,AUBURN,WA,98001,USA,98001,47.31,-122.27,Auburn,ZIP5_uszipcode,30.89748277777293,-88.22550548603579,2020-08-21 20:11:39.642489
274,IP728 USCB - LAFAYETTE,LAFAYETTE,LA,70508,USA,70508,30.16,-92.03,Lafayette,ZIP5_uszipcode,30.162996292114258,-92.02031707763672,2020-08-21 20:11:39.806056
275,IP7355 7355 INTERNATIONAL PAPER,DIBOLL,TX,75941,USA,75941,31.2,-94.8,Diboll,ZIP5_uszipcode,31.6773698352936,-94.3729777625312,2020-08-21 20:11:39.982648
276,IP7364 7364 INTERNATIONAL PAPER,TIPTON,IN,46072,USA,46072,40.3,-86.0,Tipton,ZIP5_uszipcode,40.287933349609375,-86.04871368408203,2020-08-21 20:11:40.177420
277,IP7382 7382 INTERNATIONAL PAPER,MILLTOWN,NJ,08850,USA,08850,40.45,-74.44,Milltown,ZIP5_uszipcode,40.5396753097927,-74.4209607631914,2020-08-21 20:11:40.408721
278,IP7383 USCB - MIDDLETOWN,MIDDLETOWN,OH,45042,USA,45042,39.5,-84.4,Middletown,ZIP5_uszipcode,39.5235595703125,-84.42224884033203,2020-08-21 20:11:40.615083
279,IP7386 USCB - STREETSBORO,STREETSBORO,OH,44241,USA,44241,41.24,-81.35,Streetsboro,ZIP5_uszipcode,41.24032974243164,-81.35054016113281,2020-08-21 20:11:40.795605
280,IP7387 USCB - ORLANDO,ORLANDO,FL,32809,USA,32809,28.47,-81.39,Orlando,ZIP5_uszipcode,28.465349197387695,-81.387939453125,2020-08-21 20:11:40.948203
281,IP7388 USCB - BIGLERVILLE,BIGLERVILLE,PA,17307,USA,17307,39.9,-77.3,Biglerville,ZIP5_uszipcode,39.92485046386719,-77.29241943359375,2020-08-21 20:11:41.101857
282,IP7390 USCB - IMPERIAL VALLEY,EL CENTRO,CA,92243,USA,92243,32.7,-115.8,El Centro,ZIP5_uszipcode,32.79283142089844,-115.56500244140625,2020-08-21 20:11:41.273665
283,"IP7391 USCB - BELTLINE (CARROLLTON, TX)",CARROLLTON,TX,75006,USA,75006,32.95,-96.89,Carrollton,ZIP5_uszipcode,32.96137237548828,-96.89019012451172,2020-08-21 20:11:41.471141
284,IP7393 USCB - MINDEN,MINDEN,LA,71055,USA,71055,32.7,-93.3,Minden,ZIP5_uszipcode,32.63285827636719,-93.28345489501953,2020-08-21 20:11:41.667895
285,IP7394 USCB - SHAKOPEE,SHAKOPEE,MN,55379,USA,55379,44.7,-93.5,Shakopee,ZIP5_uszipcode,44.773807525634766,-93.50186920166016,2020-08-21 20:11:41.852478
286,"IP7395 USCB - TRACY, CA",TRACY,CA,95376,USA,95376,37.73,-121.43,Tracy,ZIP5_uszipcode,37.73854446411133,-121.4328842163086,2020-08-21 20:11:42.020038
287,IP7396 USCB - ST. LOUIS (FENTON),SAINT LOUIS,MO,63120,USA,63120,38.69,-90.25,Saint Louis,ZIP5_uszipcode,38.6917724609375,-90.26889038085938,2020-08-21 20:11:42.192423
288,"IP7397 USCB - SPOTSWOOD, NJ",SPOTSWOOD,NJ,08884,USA,08884,40.39,-74.39,Spotswood,ZIP5_uszipcode,40.39698028564453,-74.39543914794922,2020-08-21 20:11:42.345398
289,IP7398 7398 INTERNATIONAL PAPER,INDIANAPOLIS,IN,46231,USA,46231,39.71,-86.33,Indianapolis,ZIP5_uszipcode,39.72308349609375,-86.32659912109375,2020-08-21 20:11:42.551429
290,IP7399 USCB - CRAWFORDSVILLE,CRAWFORDSVILLE,IN,47933,USA,47933,40.0,-86.9,Crawfordsville,ZIP5_uszipcode,40.03742218017578,-86.90144348144531,2020-08-21 20:11:42.755386
291,IP7400 USCB - SANTA FE SPRINGS,SANTA FE SPRINGS,CA,90670,USA,90670,33.93,-118.06,Santa Fe Springs,ZIP5_uszipcode,33.935333251953125,-118.06433868408203,2020-08-21 20:11:42.932588
292,IP7401 USCB - BELL,LOS ANGELES,CA,90040,USA,90040,33.99,-118.15,Los Angeles,ZIP5_uszipcode,33.97835922241211,-118.19023895263672,2020-08-21 20:11:43.109530
293,"IP7402 USCB - HAZLETON, PA",HAZLETON,PA,18202,USA,18202,41.0,-76.0,Hazleton,ZIP5_uszipcode,40.970760345458984,-76.0147476196289,2020-08-21 20:11:43.265423
294,IP7403 USCB - FT SMITH NORTH,FORT SMITH,AR,72904,USA,72904,35.41,-94.38,Fort Smith,ZIP5_uszipcode,35.40937423706055,-94.38727569580078,2020-08-21 20:11:43.441959
295,IP7404 USCB - WHEAT RIDGE,WHEAT RIDGE,CO,80033,USA,80033,39.77,-105.1,Wheat Ridge,ZIP5_uszipcode,39.772457122802734,-105.09429931640625,2020-08-21 20:11:43.622190
296,"IP7405 USCB - PETERSBURG, VA",PETERSBURG,VA,23805,USA,23805,37.1,-77.4,Petersburg,ZIP5_uszipcode,37.20549774169922,-77.38764190673828,2020-08-21 20:11:43.844108
297,"IP7406 USCB - LEXINGTON, SC",LEXINGTON,SC,29072,USA,29072,34.0,-81.3,Lexington,ZIP5_uszipcode,33.99475860595703,-81.25888061523438,2020-08-21 20:11:44.039111
298,IP7407 USCB - GARDEN CITY,GARDEN CITY,KS,67846,USA,67846,38.0,-100.8,Garden City,ZIP5_uszipcode,37.9781608581543,-100.85933685302734,2020-08-21 20:11:44.239583
299,"IP7408 USCB - KANSAS CITY, KS SOUTH",KANSAS CITY,KS,66105,USA,66105,39.09,-94.64,Kansas City,ZIP5_uszipcode,39.08277893066406,-94.63287353515625,2020-08-21 20:11:44.418142
300,IP7409 USCB - ONTARIO,ONTARIO,CA,91761,USA,91761,34.03,-117.59,Ontario,ZIP5_uszipcode,34.041229248046875,-117.60984802246094,2020-08-21 20:11:44.581711
301,IP7410 7410 INTERNATIONAL PAPER,ASHLAND CITY,TN,37015,USA,37015,36.3,-87.1,Ashland City,ZIP5_uszipcode,30.897562622313313,-88.22555371409389,2020-08-21 20:11:44.802638
302,IP7411 USCB - EDINBURG EAST,EDINBURG,TX,78541,USA,78541,26.5,-98.3,Edinburg,ZIP5_uszipcode,26.345680236816406,-98.1978759765625,2020-08-21 20:11:44.991259
303,IP7412 7412 INTERNATIONAL PAPER,ELIZABETHTON,TN,37643,USA,37643,36.4,-82.1,Elizabethton,ZIP5_uszipcode,36.346412658691406,-82.19717407226562,2020-08-21 20:11:45.228411
304,IP7413 7413 INTERNATIONAL PAPER,LITTLESTOWN,PA,17340,USA,17340,39.76,-77.11,Littlestown,ZIP5_uszipcode,39.74856185913086,-77.09992980957031,2020-08-21 20:11:45.417753
305,IP7414 7414 INTERNATIONAL PAPER,ELGIN,IL,60120,USA,60120,42.02,-88.25,Elgin,ZIP5_uszipcode,42.03982162475586,-88.25981903076172,2020-08-21 20:11:45.643720
306,IP7415 7415 INTERNATIONAL PAPER,TOUGHKENAMON,PA,19374,USA,19374,39.83,-75.75,Toughkenamon,ZIP5_uszipcode,39.830955505371094,-75.75456237792969,2020-08-21 20:11:45.815771
307,IP7416 7416 INTERNATIONAL PAPER,BIGLERVILLE,PA,17307,USA,17307,39.9,-77.3,Biglerville,ZIP5_uszipcode,30.897562622313313,-88.22555371409389,2020-08-21 20:11:46.025228
308,IP7417 7417 INTERNATIONAL PAPER,EVANSVILLE,IN,47711,USA,47711,38.03,-87.54,Evansville,ZIP5_uszipcode,38.01713180541992,-87.53434753417969,2020-08-21 20:11:46.225689
309,"IP7418 USCB - FOX VALLEY (AURORA), IL",AURORA,IL,60502,USA,60502,41.8,-88.26,Aurora,ZIP5_uszipcode,41.78923034667969,-88.2552490234375,2020-08-21 20:11:46.400229
310,IP7419 USCB - BOGALUSA,BOGALUSA,LA,70427,USA,70427,30.8,-89.9,Bogalusa,ZIP5_uszipcode,30.7640380859375,-89.8821792602539,2020-08-21 20:11:46.605686
311,"IP7421 USCB - GILROY, CA",GILROY,CA,95020,USA,95020,37.0,-121.5,Gilroy,ZIP5_uszipcode,37.01760482788086,-121.58555603027344,2020-08-21 20:11:46.785211
312,IP7422 USCB - MARION,MARION,OH,43302,USA,43302,40.6,-83.1,Marion,ZIP5_uszipcode,40.5812873840332,-83.12230682373047,2020-08-21 20:11:46.965735
313,IP7423 7423 INTERNATIONAL PAPER,GLENDALE,AZ,85301,USA,85301,33.53,-112.18,Glendale,ZIP5_uszipcode,33.53233337402344,-112.1773910522461,2020-08-21 20:11:47.156805
314,IP7424 USCB - SAN ANTONIO CENTRAL,SAN ANTONIO,TX,78219,USA,78219,29.45,-98.38,San Antonio,ZIP5_uszipcode,29.441425323486328,-98.40108489990234,2020-08-21 20:11:47.391492
315,"IP7426 USCB - BAY SHEETS (GILROY), CA",GILROY,CA,95020,USA,95020,37.0,-121.5,Gilroy,ZIP5_uszipcode,37.01760482788086,-121.58555603027344,2020-08-21 20:11:47.573005
316,"IP7427 USCB - GATEWAY SHEETS (ST LOUIS), MO",SAINT LOUIS,MO,63120,USA,63120,38.69,-90.25,Saint Louis,ZIP5_uszipcode,38.6917724609375,-90.26889038085938,2020-08-21 20:11:47.787439
317,IP7428 7428 INTERNATIONAL PAPER,SAN ANTONIO,TX,78220,USA,78220,29.41,-98.39,San Antonio,ZIP5_uszipcode,29.5205554500002,-98.4777642500058,2020-08-21 20:11:48.008854
318,IP743 USCB - LANCASTER,LANCASTER,PA,17601,USA,17601,40.1,-76.3,Lancaster,ZIP5_uszipcode,40.075767517089844,-76.32377624511719,2020-08-21 20:11:48.177629
319,IP7430 USCB - BINGHAMPTON,BINGHAMPTON,NY,13903,USA,13903,42.05,-75.9,Binghamton,ZIP5_uszipcode,42.10221862792969,-75.91166687011719,2020-08-21 20:11:48.329287
320,IP7431 7431 INTERNATIONAL PAPER,MADISON,OH,44057,USA,44057,41.8,-81.1,Madison,ZIP5_uszipcode,41.609170179266556,-83.71834302891618,2020-08-21 20:11:48.544455
321,IP7432 7432 INTERNATIONAL PAPER,BUFFALO,NY,14206,USA,14206,42.88,-78.81,Buffalo,ZIP5_uszipcode,42.88717269897461,-78.81217956542969,2020-08-21 20:11:48.743919
322,IP7433 7433 INTERNATIONAL PAPER,GLENVILLE,NY,12302,USA,12302,42.88,-73.99,Schenectady,ZIP5_uszipcode,42.92915725708008,-74.05215454101562,2020-08-21 20:11:48.954412
323,IP7434 7434 INTERNATIONAL PAPER,UTICA,NY,13502,USA,13502,43.2,-75.2,Utica,ZIP5_uszipcode,43.117435455322266,-75.21346282958984,2020-08-21 20:11:49.174831
324,IP7435 USCB - MANSON,MANSON,NC,27553,USA,27553,36.48,-78.31,Manson,ZIP5_uszipcode,36.47106170654297,-78.28848266601562,2020-08-21 20:11:49.346400
325,IP7436 7436 INTERNATIONAL PAPER,HUNTNGBURG,IN,47542,USA,47542,38.3,-87.0,Huntingburg,ZIP5_uszipcode,38.28912353515625,-86.9658432006836,2020-08-21 20:11:49.483551
326,IP7437 7437 INTERNATIONAL PAPER,BUENA PARK,CA,90620,USA,90620,33.84,-118.01,Buena Park,ZIP5_uszipcode,33.8408348500001,-117.997940899989,2020-08-21 20:11:49.744871
327,IP7438 USCB - SANTE FE SPRINGS CENTRAL,SANTA FE SPRINGS,CA,90670,USA,90670,33.93,-118.06,Santa Fe Springs,ZIP5_uszipcode,33.935333251953125,-118.06433868408203,2020-08-21 20:11:49.914411
328,IP7439 7439 INTERNATIONAL PAPER,SANTA FE SPRINGS,CA,90670,USA,90670,33.93,-118.06,Santa Fe Springs,ZIP5_uszipcode,33.935333251953125,-118.06433868408203,2020-08-21 20:11:50.186799
329,IP7440 7440 INTERNATIONAL PAPER,UNION CITY,CA,94587,USA,94587,37.6,-122.0,Union City,ZIP5_uszipcode,37.59397888183594,-122.0456314086914,2020-08-21 20:11:50.453620
330,IP7441 USCB - INDY RETAIL DISPLAY (PACKWAY),INDIANAPOLIS,IN,46241,USA,46241,39.76,-86.26,Indianapolis,ZIP5_uszipcode,39.73229217529297,-86.2559814453125,2020-08-21 20:11:50.623942
331,IP7442 7442 INTERNATIONAL PAPER,CAYUGA,IN,47928,USA,47928,39.94,-87.45,Cayuga,ZIP5_uszipcode,39.94798278808594,-87.46414184570312,2020-08-21 20:11:50.831392
332,IP7443 7443 INTERNATIONAL PAPER,WAVERLY,TN,37185,USA,37185,36.0,-87.8,Waverly,ZIP5_uszipcode,36.109405517578125,-87.8102798461914,2020-08-21 20:11:51.029054
333,IP7444 7444 INTERNATIONAL PAPER,ROME,GA,30165,USA,30165,34.3,-85.3,Rome,ZIP5_uszipcode,30.897562622313313,-88.22555371409389,2020-08-21 20:11:51.253985
334,IP7445 7445 INTERNATIONAL PAPER,BOGALUSA,LA,70427,USA,70427,30.8,-89.9,Bogalusa,ZIP5_uszipcode,30.89736855608656,-88.22583851313067,2020-08-21 20:11:51.434495
335,IP7446 7446 INTERNATIONAL PAPER,MAYSVILLE,KY,41056,USA,41056,38.6,-83.8,Maysville,ZIP5_uszipcode,30.897562622313313,-88.22555371409389,2020-08-21 20:11:51.658912
336,IP7447 7447 INTERNATIONAL PAPER,ONTARIO,CA,91761,USA,91761,34.03,-117.59,Ontario,ZIP5_uszipcode,34.041229248046875,-117.60984802246094,2020-08-21 20:11:51.888300
337,IP7448 7448 INTERNATIONAL PAPER,ORANGE,TX,77632,USA,77632,30.2,-93.8,Orange,ZIP5_uszipcode,30.897562622313313,-88.22555371409389,2020-08-21 20:11:52.139686
338,IP7449 7449 INTERNATIONAL PAPER,LANSDALE,PA,19446,USA,19446,40.23,-75.29,Lansdale,ZIP5_uszipcode,30.89736784061064,-88.22584223489571,2020-08-21 20:11:52.374067
339,IP7450 7450 INTERNATIONAL PAPER,SPRINGFIELD,MO,65802,USA,65802,37.2,-93.3,Springfield,ZIP5_uszipcode,31.8541708230406,-88.1314852687126,2020-08-21 20:11:52.581520
340,IP7451 7451 INTERNATIONAL PAPER,LEVITTOWN,PA,19057,USA,19057,40.14,-74.85,Levittown,ZIP5_uszipcode,40.14325714111328,-74.85598754882812,2020-08-21 20:11:52.897488
341,IP7452 7452 INTERNATIONAL PAPER,CAROL STREAM,IL,60188,USA,60188,41.92,-88.13,Carol Stream,ZIP5_uszipcode,41.918540954589844,-88.12422943115234,2020-08-21 20:11:53.187779
342,IP7453 7453 INTERNATIONAL PAPER,MICHIGAN CITY,IN,46360,USA,46360,41.7,-86.9,Michigan City,ZIP5_uszipcode,41.70807647705078,-86.8779525756836,2020-08-21 20:11:53.419398
343,IP7454 7454 INTERNATIONAL PAPER,CHICAGO,IL,60608,USA,60608,41.85,-87.68,Chicago,ZIP5_uszipcode,41.852352142333984,-87.66697692871094,2020-08-21 20:11:53.639806
344,IP7455 7455 INTERNATIONAL PAPER,INDIANAPOLIS,IN,46202,USA,46202,39.79,-86.15,Indianapolis,ZIP5_uszipcode,39.781044006347656,-86.16191101074219,2020-08-21 20:11:53.829310
345,"IP7456 USCB - MIDWEST SHEETS (TIPTON), IN",INDIANAPOLIS,IN,46218,USA,46218,39.81,-86.1,Indianapolis,ZIP5_uszipcode,39.80687713623047,-86.09980010986328,2020-08-21 20:11:53.971303
346,IP7457 7457 INTERNATIONAL PAPER,INDIANAPOLIS,IN,46241,USA,46241,39.76,-86.26,Indianapolis,ZIP5_uszipcode,39.73229217529297,-86.2559814453125,2020-08-21 20:11:54.190769
347,IP749 0749 INTERNATIONAL PAPER,EIGHTY FOUR,PA,15330,USA,15330,40.2,-80.1,Eighty Four,ZIP5_uszipcode,31.8545525500206,-88.1343618500264,2020-08-21 20:11:54.428580
348,IP7519 TEXCORR LP,WAXAHACHIE,TX,75165,USA,75165,32.4,-96.8,Waxahachie,ZIP5_uszipcode,32.4034538269043,-96.82305145263672,2020-08-21 20:11:54.758721
349,IP7619 7619 INTERNATIONAL PAPER,COLUMBUS,MS,39701,USA,39701,33.4,-88.5,Columbus,ZIP5_uszipcode,30.897337432881688,-88.22600040936092,2020-08-21 20:11:54.945292
350,IP7620 7620 INTERNATIONAL PAPER,OGLETHORPE,GA,31068,USA,31068,32.3,-84.1,Oglethorpe,ZIP5_uszipcode,30.897562622313313,-88.22555371409389,2020-08-21 20:11:55.182595
351,IP7621 7621 INTERNATIONAL PAPER,VANCEBORO,NC,28586,USA,28586,35.3,-77.2,Vanceboro,ZIP5_uszipcode,35.32757568359375,-77.15442657470703,2020-08-21 20:11:55.400025
352,IP7622 7622 INTERNATIONAL PAPER,COLUMBUS,MS,39701,USA,39701,33.4,-88.5,Columbus,ZIP5_uszipcode,30.897562622313313,-88.22555371409389,2020-08-21 20:11:55.601490
353,IP7623 7623 INTERNATIONAL PAPER,PORT WENTWORTH,GA,31407,USA,31407,32.18,-81.18,Savannah,ZIP5_uszipcode,30.897336717401142,-88.22600413112355,2020-08-21 20:11:55.811934
354,IP769 0769 INTERNATIONAL PAPER,EASTOVER,SC,29044,USA,29044,33.9,-80.7,Eastover,ZIP5_uszipcode,33.91945266723633,-80.71106719970703,2020-08-21 20:11:56.001436
355,IP776 0776 INTERNATIONAL PAPER,FRANKLIN,VA,23851,USA,23851,36.7,-77.0,Franklin,ZIP5_uszipcode,37.437398947301475,-79.91645961765819,2020-08-21 20:11:56.225350
356,IP8104 9443 INTERNATIONAL PAPER,KANSAS CITY,MO,64101,USA,64101,39.104,-94.599,Kansas City,ZIP5_uszipcode,39.2970126147268,-94.6932088031322,2020-08-21 20:11:56.447623
357,IP8117 8117 INTERNATIONAL PAPER,SPRINGFIELD,MA,01104,USA,01104,42.13,-72.57,Springfield,ZIP5_uszipcode,31.8541708230406,-88.1314852687126,2020-08-21 20:11:56.696965
358,IP8134 8134 INTERNATIONAL PAPER,NORTH LAS VEGAS,NV,89081,USA,89081,36.27,-115.11,North Las Vegas,ZIP5_uszipcode,36.288989527012255,-114.97224953416531,2020-08-21 20:11:56.939325
359,IP8143 8143 INTERNATIONAL PAPER,PORTLAND,OR,97220,USA,97220,45.56,-122.55,Portland,ZIP5_uszipcode,45.543556213378906,-122.5559310913086,2020-08-21 20:11:57.219585
360,IP8276 9442 INTERNATIONAL PAPER,NEWARK,NJ,07114,USA,07114,40.7,-74.17,Newark,ZIP5_uszipcode,40.70773696899414,-74.17317199707031,2020-08-21 20:11:57.444994
361,IP8279 9438 INTERNATIONAL PAPER,BROWNSVILLE,TX,78521,USA,78521,26.0,-97.3,Brownsville,ZIP5_uszipcode,30.89735874617553,-88.22792752471005,2020-08-21 20:11:57.654844
362,IP8282 9447 INTERNATIONAL PAPER,FRIDLEY,MN,55432,USA,55432,45.1,-93.26,Minneapolis,ZIP5_uszipcode,45.0580955000015,-93.3947414999817,2020-08-21 20:11:57.876538
363,IP8286 9440 INTERNATIONAL PAPER,PHARR,TX,78577,USA,78577,26.2,-98.2,Pharr,ZIP5_uszipcode,26.110038853794183,-98.2083974733458,2020-08-21 20:11:58.107158
364,IP8287 9449 INTERNATIONAL PAPER,DENVER,CO,80239,USA,80239,39.78,-104.84,Denver,ZIP5_uszipcode,30.897262896860468,-88.22823040583275,2020-08-21 20:11:58.332853
365,IP8288 8288 INTERNATIONAL PAPER,CHAMBERSBURG,PA,17201,USA,17201,39.97,-77.67,Chambersburg,ZIP5_uszipcode,30.897379076720796,-88.2262631884691,2020-08-21 20:11:58.569230
366,IP8290 9441 INTERNATIONAL PAPER,BUFFALO,NY,14225,USA,14225,42.93,-78.75,Buffalo,ZIP5_uszipcode,42.92617416381836,-78.7587661743164,2020-08-21 20:11:58.759727
367,IP8291 8291 INTERNATIONAL PAPER,FLORENCE,NJ,08518,USA,08518,40.12,-74.81,Florence,ZIP5_uszipcode,40.11731719970703,-74.80316162109375,2020-08-21 20:11:59.026193
368,IP8294 8294 INTERNATIONAL PAPER,EVANSVILLE,IN,47711,USA,47711,38.03,-87.54,Evansville,ZIP5_uszipcode,38.01713180541992,-87.53434753417969,2020-08-21 20:11:59.229789
369,IP8500 8500 INTERNATIONAL PAPER,LOVELAND,OH,45140,USA,45140,39.26,-84.24,Loveland,ZIP5_uszipcode,39.26784133911133,-84.26588439941406,2020-08-21 20:11:59.423616
370,IP867 0867 INTERNATIONAL PAPER,PRATTVILLE,AL,36067,USA,36067,32.5,-86.6,Prattville,ZIP5_uszipcode,31.852342033106,-88.1435855882426,2020-08-21 20:11:59.629264
371,IP874 USCB - KALAMAZOO,KALAMAZOO,MI,49001,USA,49001,42.27,-85.56,Kalamazoo,ZIP5_uszipcode,42.266807556152344,-85.56446838378906,2020-08-21 20:11:59.827180
372,IP8870 8870 ARIZONA CHEMIC*DO NOT USE*,PORT SAINT JOE,FL,32456,USA,32456,29.8,-85.3,Port Saint Joe,ZIP5_uszipcode,29.842201232910156,-85.32096099853516,2020-08-21 20:11:59.989756
373,IP899 0899 INTERNATIONAL PAPER,SAVANNAH,GA,31415,USA,31415,32.08,-81.13,Savannah,ZIP5_uszipcode,32.0994975007012,-81.1264165013438,2020-08-21 20:12:00.225447
374,IP9000 9000 INTERNATIONAL PAPER,FORT WORTH,TX,76106,USA,76106,32.81,-97.36,Fort Worth,ZIP5_uszipcode,30.897352803972737,-88.22730103006514,2020-08-21 20:12:00.446646
375,IP9002 9002 INTERNATIONAL PAPER,HAMMOND,IN,46320,USA,46320,41.61,-87.49,Hammond,ZIP5_uszipcode,41.614410400390625,-87.51002502441406,2020-08-21 20:12:00.629494
376,IP9003 9003 INTERNATIONAL PAPER,CHESTER,VA,23836,USA,23836,37.36,-77.33,Chester,ZIP5_uszipcode,37.34117889404297,-77.3484115600586,2020-08-21 20:12:00.832303
377,IP9004 9004 INTERNATIONAL PAPER,FLORENCE,NJ,08518,USA,08518,40.12,-74.81,Florence,ZIP5_uszipcode,40.11731719970703,-74.80316162109375,2020-08-21 20:12:01.046735
378,IP9005 9005 INTERNATIONAL PAPER,LA MIRADA,CA,90638,USA,90638,33.9,-118.01,La Mirada,ZIP5_uszipcode,33.8044831757713,-118.014252201407,2020-08-21 20:12:01.250197
379,IP9006 9006 INTERNATIONAL PAPER,ATLANTA,GA,30316,USA,30316,33.74,-84.34,Atlanta,ZIP5_uszipcode,33.72583770751953,-84.33625793457031,2020-08-21 20:12:01.449671
380,IP9007 9007 INTERNATIONAL PAPER,PORTLAND,OR,97203,USA,97203,45.61,-122.75,Portland,ZIP5_uszipcode,45.59193801879883,-122.7413101196289,2020-08-21 20:12:01.675638
381,IP9201 9201 INTERNATIONAL PAPER,SAVANNAH,GA,31402,USA,31402,,,Savannah,ZIP5_uszipcode,32.0994975007012,-81.1264165013438,2020-08-21 20:12:01.917133
382,IP9202 9202 INTERNATIONAL PAPER,NEW ORLEANS,LA,70115,USA,70115,29.93,-90.1,New Orleans,ZIP5_uszipcode,30.897355544815117,-88.22758996131145,2020-08-21 20:12:02.110624
383,IP9203 9203 INTERNATIONAL PAPER,LONG BEACH,CA,90802,USA,90802,33.76,-118.2,Long Beach,ZIP5_uszipcode,33.8044831757713,-118.014252201407,2020-08-21 20:12:02.287678
384,IP9204 9204 INTERNATIONAL PAPER,LA PORTE,TX,77571,USA,77571,29.69,-95.04,La Porte,ZIP5_uszipcode,30.89735557194921,-88.22759282204417,2020-08-21 20:12:02.525051
385,IP9205 9205 INTERNATIONAL PAPER,PORT ARTHUR,TX,77640,USA,77640,29.8,-94.1,Port Arthur,ZIP5_uszipcode,30.897268948245163,-88.22795424337116,2020-08-21 20:12:02.769407
386,IP9206 9206 INTERNATIONAL PAPER,VICKSBURG,MS,39181,USA,39181,,,Vicksburg,ZIP5_uszipcode,32.31318283081055,-90.88194274902344,2020-08-21 20:12:02.945942
387,IP9207 9207 INTERNATIONAL PAPER,MOBILE,AL,36602,USA,36602,30.71,-88.03,Mobile,ZIP5_uszipcode,30.897268898644885,-88.22795650705108,2020-08-21 20:12:03.148406
388,IP9208 9208 INTERNATIONAL PAPER,CHARLESTON,SC,29401,USA,29401,32.78,-79.93,Charleston,ZIP5_uszipcode,32.783329010009766,-79.9333267211914,2020-08-21 20:12:03.363988
389,IP9209 9209 INTERNATIONAL PAPER,PASCAGOULA,MS,39567,USA,39567,30.38,-88.57,Pascagoula,ZIP5_uszipcode,30.366008758544922,-88.5442123413086,2020-08-21 20:12:03.568114
390,IP9210 9210 INTERNATIONAL PAPER,BRUNSWICK,GA,31520,USA,31520,31.18,-81.48,Brunswick,ZIP5_uszipcode,30.897355653351145,-88.22760140424236,2020-08-21 20:12:03.783550
391,IP9211 9211 INTERNATIONAL PAPER,SAN DIEGO,CA,92101,USA,92101,32.72,-117.18,San Diego,ZIP5_uszipcode,32.718814849853516,-117.16222381591797,2020-08-21 20:12:04.040891
392,IP9212 9212 INTERNATIONAL PAPER,PANAMA CITY,FL,32401,USA,32401,30.16,-85.67,Panama City,ZIP5_uszipcode,30.8549911862663,-85.2432142559035,2020-08-21 20:12:04.246007
393,IP9213 9213 INTERNATIONAL PAPER,PEARLINGTON,MS,39572,USA,39572,30.3,-89.6,Pearlington,ZIP5_uszipcode,30.897268749847314,-88.22796329792904,2020-08-21 20:12:04.443487
394,IP9214 9214 INTERNATIONAL PAPER,JACKSONVILLE,FL,32206,USA,32206,30.35,-81.64,Jacksonville,ZIP5_uszipcode,30.4020896694123,-81.7370895295261,2020-08-21 20:12:04.705793
395,IP9215 9215 INTERNATIONAL PAPER,WILMINGTON,NC,28401,USA,28401,34.26,-77.97,Wilmington,ZIP5_uszipcode,34.23473358154297,-77.9428482055664,2020-08-21 20:12:04.897289
396,IP9216 9216 INTERNATIONAL PAPER,TERMINAL ISLAND,CA,90731,USA,90731,33.74,-118.27,San Pedro,ZIP5_uszipcode,33.8044831757713,-118.014252201407,2020-08-21 20:12:05.118422
397,IP9217 9217 INTERNATIONAL PAPER,SAN PEDRO,CA,90731,USA,90731,33.74,-118.27,San Pedro,ZIP5_uszipcode,33.9454935066106,-118.381557728934,2020-08-21 20:12:05.354812
398,IP9218 9218 INTERNATIONAL PAPER,OAKLAND,CA,94604,USA,94604,,,Oakland,ZIP5_uszipcode,37.74837471777803,-122.17332129449564,2020-08-21 20:12:05.648548
399,IP9219 9219 INTERNATIONAL PAPER,SEATTLE,WA,98121,USA,98121,47.61,-122.35,Seattle,ZIP5_uszipcode,47.61619567871094,-122.34538269042969,2020-08-21 20:12:05.854876
400,IP9220 9220 INTERNATIONAL PAPER,BEAUMONT,TX,77704,USA,77704,,,Beaumont,ZIP5_uszipcode,30.084455490112305,-94.10174560546875,2020-08-21 20:12:06.094463
401,IP9221 9221 INTERNATIONAL PAPER,NORFOLK,VA,23510,USA,23510,36.85,-76.29,Norfolk,ZIP5_uszipcode,36.849422454833984,-76.28966522216797,2020-08-21 20:12:06.367745
402,IP9222 9222 INTERNATIONAL PAPER,NEW YORK,NY,10048,USA,10048,,,New York,ZIP5_uszipcode,40.71304702758789,-74.00723266601562,2020-08-21 20:12:06.570207
403,IP9223 9223 INTERNATIONAL PAPER,EAST BOSTON,MA,02128,USA,02128,42.37,-71.02,Boston,ZIP5_uszipcode,42.375396728515625,-71.03948211669922,2020-08-21 20:12:06.761779
404,IP9224 9224 INTERNATIONAL PAPER,SAN FRANCISCO,CA,94131,USA,94131,37.75,-122.44,San Francisco,ZIP5_uszipcode,37.748469,-122.172967,2020-08-21 20:12:07.025525
405,IP9225 9225 INTERNATIONAL PAPER,MIAMI,FL,33125,USA,33125,25.78,-80.24,Miami,ZIP5_uszipcode,25.7843446743105,-80.36318138644,2020-08-21 20:12:07.219014
406,IP9226 9226 INTERNATIONAL PAPER,PORT ALLEN,LA,70767,USA,70767,30.5,-91.3,Port Allen,ZIP5_uszipcode,30.89735587041712,-88.22762428978066,2020-08-21 20:12:07.415541
407,IP9227 9227 INTERNATIONAL PAPER,PENSACOLA,FL,32502,USA,32502,30.41,-87.22,Pensacola,ZIP5_uszipcode,30.413015365600586,-87.22288513183594,2020-08-21 20:12:07.653358
408,IP9228 9228 INTERNATIONAL PAPER,PORT SAINT JOE,FL,32456,USA,32456,29.8,-85.3,Port Saint Joe,ZIP5_uszipcode,29.842201232910156,-85.32096099853516,2020-08-21 20:12:07.851308
409,IP9229 9229 INTERNATIONAL PAPER,GEORGETOWN,SC,29440,USA,29440,33.4,-79.4,Georgetown,ZIP5_uszipcode,30.89726835305324,-88.22798140688292,2020-08-21 20:12:08.074718
410,IP9230 9230 INTERNATIONAL PAPER,FERNANDINA BEACH,FL,32034,USA,32034,30.6,-81.5,Fernandina Beach,ZIP5_uszipcode,30.62710952758789,-81.46997833251953,2020-08-21 20:12:08.317080
411,IP9231 9231 INTERNATIONAL PAPER,LAKE CHARLES,LA,70601,USA,70601,30.24,-93.23,Lake Charles,ZIP5_uszipcode,30.897268303452478,-88.2279836705628,2020-08-21 20:12:08.510569
412,IP9233 9233 INTERNATIONAL PAPER,GULFPORT,MS,39502,USA,39502,,,Gulfport,ZIP5_uszipcode,30.897268253851674,-88.2279859342427,2020-08-21 20:12:08.706051
413,IP9234 9234 INTERNATIONAL PAPER,FORT LAUDERDALE,FL,33316,USA,33316,26.09,-80.12,Fort Lauderdale,ZIP5_uszipcode,26.10325050354004,-80.12676239013672,2020-08-21 20:12:08.972679
414,IP9235 9235 INTERNATIONAL PAPER,RICHMOND,VA,23234,USA,23234,37.47,-77.47,Richmond,ZIP5_uszipcode,37.45073699951172,-77.47538757324219,2020-08-21 20:12:09.149902
415,IP9237 9237 INTERNATIONAL PAPER,WILMINGTON,DE,19801,USA,19801,39.73,-75.55,Wilmington,ZIP5_uszipcode,30.89726815465349,-88.22799046144067,2020-08-21 20:12:09.405086
416,IP9238 9238 INTERNATIONAL PAPER,TACOMA,WA,98421,USA,98421,47.26,-122.4,Tacoma,ZIP5_uszipcode,47.25363540649414,-122.40878295898438,2020-08-21 20:12:09.654083
417,IP9239 9239 INTERNATIONAL PAPER,MOREHEAD CITY,NC,28557,USA,28557,34.74,-76.76,Morehead City,ZIP5_uszipcode,34.73643112182617,-76.75933074951172,2020-08-21 20:12:09.938332
418,IP9240 9240 INTERNATIONAL PAPER,EDDYSTONE,PA,19022,USA,19022,39.86,-75.33,Crum Lynne,ZIP5_uszipcode,30.897356060347686,-88.2276443147481,2020-08-21 20:12:10.198645
419,IP9241 9241 INTERNATIONAL PAPER,PORTLAND,ME,04101,USA,04101,43.66,-70.26,Portland,ZIP5_uszipcode,43.660194396972656,-70.25932312011719,2020-08-21 20:12:10.410086
420,IP9242 9242 INTERNATIONAL PAPER,PORTLAND,OR,97203,USA,97203,45.61,-122.75,Portland,ZIP5_uszipcode,45.59193801879883,-122.7413101196289,2020-08-21 20:12:10.657435
421,IP9401 9401 INTERNATIONAL PAPER,FAIRFIELD,CT,45014,USA,45014,39.3,-84.6,Fairfield,ZIP5_uszipcode,41.1433219909668,-73.24980926513672,2020-08-21 20:12:10.866183
422,IP9402 9402 INTERNATIONAL PAPER,ATLANTA,GA,30316,USA,30316,33.74,-84.34,Atlanta,ZIP5_uszipcode,33.72583770751953,-84.33625793457031,2020-08-21 20:12:11.111067
423,IP9404 9404 INTERNATIONAL PAPER,CROYDON,PA,19021,USA,19021,40.09,-74.89,Croydon,ZIP5_uszipcode,40.090206146240234,-74.89715576171875,2020-08-21 20:12:11.341196
424,IP9406 9406 INTERNATIONAL PAPER,COMMERCE,CA,90040,USA,90040,33.99,-118.15,Los Angeles,ZIP5_uszipcode,33.99197813921077,-84.60932550284801,2020-08-21 20:12:11.534685
425,IP9407 6938 INTERNATIONAL*DO NOT USE*,FRESNO,CA,93725,USA,93725,36.6,-119.7,Fresno,ZIP5_uszipcode,36.68036651611328,-119.74264526367188,2020-08-21 20:12:11.747491
427,IP9410 9410 INTERNATIONAL PAPER,MONROE,LA,71201,USA,71201,32.53,-92.11,Monroe,ZIP5_uszipcode,30.897358366398542,-88.22788747477298,2020-08-21 20:12:11.977885
428,IP9413 9413 INTERNATIONAL PAPER,MEMPHIS,TN,38118,USA,38118,35.04,-89.93,Memphis,ZIP5_uszipcode,35.052337646484375,-89.92459869384766,2020-08-21 20:12:12.174783
429,IP9414 6908 INTERNATIONAL PAPER,BEDFORD PK,IL,60638,USA,60638,41.78,-87.77,Chicago,ZIP5_uszipcode,41.785465240478516,-87.77420806884766,2020-08-21 20:12:12.367272
430,IP9415 6922 INTERNATIONAL PAPER,GRAND RAPIDS,MI,49512,USA,49512,42.88,-85.53,Grand Rapids,ZIP5_uszipcode,42.88861846923828,-85.5704116821289,2020-08-21 20:12:12.588689
431,IP9417 6907 INTERNATIONAL PAPER,HAYWARD,CA,94545,USA,94545,37.63,-122.12,Hayward,ZIP5_uszipcode,37.760580439619304,-122.1900863983421,2020-08-21 20:12:12.817535
432,IP9426 6399 INTERNATIONAL PA*DO NOT USE*,SPARTANBURG,SC,29302,USA,29302,34.89,-81.85,Spartanburg,ZIP5_uszipcode,34.91570281982422,-81.8809814453125,2020-08-21 20:12:12.991079
433,IP9432 9432 INTERNATIONAL PAPER*DO NOT USE,ONTARIO,CA,91761,USA,91761,34.03,-117.59,Ontario,ZIP5_uszipcode,34.041229248046875,-117.60984802246094,2020-08-21 20:12:13.162687
434,IP9433 9433 INTERNATIONAL PAPER,PITTSBURGH,PA,15205,USA,15205,40.44,-80.11,Pittsburgh,ZIP5_uszipcode,30.89726329368921,-88.22821229688094,2020-08-21 20:12:13.367822
435,IP9434 9434 INTERNATIONAL PAPER,BATON ROUGE,LA,70802,USA,70802,30.43,-91.18,Baton Rouge,ZIP5_uszipcode,30.446125030517578,-91.17160034179688,2020-08-21 20:12:13.562315
436,IP9435 9435 INTERNATIONAL PAPER,ATLANTA,GA,30336,USA,30336,33.74,-84.57,Atlanta,ZIP5_uszipcode,33.742149353027344,-84.56365966796875,2020-08-21 20:12:13.801677
437,IP9439 9439 INTERNATIONAL PAPER,SPRINGFIELD,MA,01104,USA,01104,42.13,-72.57,Springfield,ZIP5_uszipcode,42.131126403808594,-72.57328033447266,2020-08-21 20:12:14.014377
438,IP9450 9450 INTERNATIONAL PAPER,KANSAS CITY,MO,64116,USA,64116,39.15,-94.57,Kansas City,ZIP5_uszipcode,39.2970126147268,-94.6932088031322,2020-08-21 20:12:16.533539
439,IP9452 9452 INTERNATIONAL PAPER,NEENAH,WI,54956,USA,54956,44.2,-88.5,Neenah,ZIP5_uszipcode,44.1807861328125,-88.48356628417969,2020-08-21 20:12:16.702126
440,IP9453 9453 INTERNATIONAL PAPER,CARROLLTON,TX,75006,USA,75006,32.95,-96.89,Carrollton,ZIP5_uszipcode,30.897262797650228,-88.228234933192,2020-08-21 20:12:16.908161
441,IP9454 9454 INTERNATIONAL PAPER,COHOES,NY,12047,USA,12047,42.79,-73.72,Cohoes,ZIP5_uszipcode,42.774845123291016,-73.71427154541016,2020-08-21 20:12:17.163549
442,IP9455 9455 INTERNATIONAL PAPER,MAPLESVILLE,AL,36750,USA,36750,32.8,-86.8,Maplesville,ZIP5_uszipcode,30.897262748048593,-88.22823719670986,2020-08-21 20:12:17.359073
443,IP9456 9456 INTERNATIONAL PAPER,LITTLE CHUTE,WI,54140,USA,54140,44.29,-88.31,Little Chute,ZIP5_uszipcode,44.28725051879883,-88.30882263183594,2020-08-21 20:12:17.539596
444,IP9458 9458 INTERNATIONAL PAPER,MEMPHIS,TN,38118,USA,38118,35.04,-89.93,Memphis,ZIP5_uszipcode,35.052337646484375,-89.92459869384766,2020-08-21 20:12:17.749052
445,IP9459 9459 INTERNATIONAL PAPER,ASHTABULA,OH,44004,USA,44004,41.9,-80.8,Ashtabula,ZIP5_uszipcode,41.86787796020508,-80.79621887207031,2020-08-21 20:12:17.959517
446,IP9462 9462 INTERNATIONAL PAPER,N KANSAS CITY,MO,64116,USA,64116,39.15,-94.57,Kansas City,ZIP5_uszipcode,39.2970126147268,-94.6932088031322,2020-08-21 20:12:18.153005
447,IP9465 9465 INTERNATIONAL PAPER,ATLANTA,GA,30349,USA,30349,33.6,-84.5,Atlanta,ZIP5_uszipcode,33.60417175292969,-84.49854278564453,2020-08-21 20:12:18.385978
448,IP9466 9466 INTERNATIONAL PAPER,RALEIGH,NC,27603,USA,27603,35.7,-78.7,Raleigh,ZIP5_uszipcode,35.8808296114806,-78.7883380028424,2020-08-21 20:12:18.625922
449,IP9467 9467 INTERNATIONAL PAPER,BASTROP,LA,71220,USA,71220,32.8,-91.9,Bastrop,ZIP5_uszipcode,30.897262450423792,-88.22825077846403,2020-08-21 20:12:18.865322
450,IP9468 9468 INTERNATIONAL PAPER,HIGH POINT,NC,27263,USA,27263,35.91,-79.95,High Point,ZIP5_uszipcode,35.9052848815918,-79.9659652709961,2020-08-21 20:12:19.093253
451,IP9469 9469 INTERNATIONAL PAPER,BENTON HARBOR,MI,49022,USA,49022,42.1,-86.3,Benton Harbor,ZIP5_uszipcode,42.108734130859375,-86.42169952392578,2020-08-21 20:12:19.282739
452,IP9470 9470 INTERNATIONAL PAPER,KENT,WA,98032,USA,98032,47.4,-122.26,Kent,ZIP5_uszipcode,30.897358450288095,-88.2279752065927,2020-08-21 20:12:19.491191
453,IP9471 9471 INTERNATIONAL PAPER,WINSTON SALEM,NC,27105,USA,27105,36.16,-80.24,Winston Salem,ZIP5_uszipcode,36.143165588378906,-80.23631286621094,2020-08-21 20:12:19.753497
454,IP9472 9472 INTERNATIONAL PAPER,EVANSVILLE,IN,47711,USA,47711,38.03,-87.54,Evansville,ZIP5_uszipcode,38.01713180541992,-87.53434753417969,2020-08-21 20:12:19.971719
455,IP9473 9473 INTERNATIONAL PAPER,NASHVILLE,TN,37210,USA,37210,36.14,-86.73,Nashville,ZIP5_uszipcode,35.9568668348573,-86.8031761421042,2020-08-21 20:12:20.189769
456,IP9474 9474 INTERNATIONAL PAPER,BOWLING GREEN,KY,42104,USA,42104,36.9,-86.5,Bowling Green,ZIP5_uszipcode,36.93454360961914,-86.44678497314453,2020-08-21 20:12:20.374794
457,IP9475 9475 INTERNATIONAL PAPER,VERNON,CA,90058,USA,90058,34.0,-118.21,Los Angeles,ZIP5_uszipcode,34.00394058227539,-118.230224609375,2020-08-21 20:12:20.549353
458,IP9476 9476 INTERNATIONAL PAPER,KANSAS CITY,KS,66115,USA,66115,39.14,-94.61,Kansas City,ZIP5_uszipcode,39.2970126147268,-94.6932088031322,2020-08-21 20:12:20.846080
459,IP9477 9477 INTERNATIONAL PAPER,LOCKBOURNE,OH,43137,USA,43137,39.81,-82.98,Lockbourne,ZIP5_uszipcode,39.80842208862305,-82.9681625366211,2020-08-21 20:12:21.087446
460,IP9478 9478 INTERNATIONAL PAPER,LA MIRADA,CA,90638,USA,90638,33.9,-118.01,La Mirada,ZIP5_uszipcode,33.8044831757713,-118.014252201407,2020-08-21 20:12:21.330805
461,IP9479 9479 INTERNATIONAL PAPER,WILMINGTON,NC,28405,USA,28405,34.27,-77.86,Wilmington,ZIP5_uszipcode,34.26539611816406,-77.86632537841797,2020-08-21 20:12:21.574158
462,IP9480 9480 INTERNATIONAL PAPER,MIAMI,FL,33167,USA,33167,25.89,-80.24,Miami,ZIP5_uszipcode,25.7843446743105,-80.36318138644,2020-08-21 20:12:21.802905
463,IP9481 9481 INTERNATIONAL PAPER,PORTLAND,OR,97203,USA,97203,45.61,-122.75,Portland,ZIP5_uszipcode,45.59193801879883,-122.7413101196289,2020-08-21 20:12:22.012259
464,IP9482 9482 INTERNATIONAL PAPER,STOCKTON,CA,95203,USA,95203,37.95,-121.32,Stockton,ZIP5_uszipcode,30.897358074292654,-88.2279923662827,2020-08-21 20:12:22.225694
465,IP9483 9483 INTERNATIONAL PAPER,OGDEN,UT,84404,USA,84404,41.2,-112.2,Ogden,ZIP5_uszipcode,41.2685546875,-111.99900817871094,2020-08-21 20:12:22.421061
466,IP9484 9484 INTERNATIONAL PAPER,AMARILLO,TX,79107,USA,79107,35.23,-101.8,Amarillo,ZIP5_uszipcode,30.89735801162593,-88.22799522625799,2020-08-21 20:12:22.640994
467,IP9485 9485 INTERNATIONAL PAPER,INDIANAPOLIS,IN,46278,USA,46278,39.9,-86.3,Indianapolis,ZIP5_uszipcode,39.922137816359424,-86.32675971964582,2020-08-21 20:12:22.822514
468,IP9486 9486 INTERNATIONAL PAPER,MINNEAPOLIS,MN,55421,USA,55421,45.05,-93.25,Minneapolis,ZIP5_uszipcode,45.0580955000015,-93.3947414999817,2020-08-21 20:12:23.039940
469,IP9487 9487 INTERNATIONAL PAPER,GOLDEN,CO,80403,USA,80403,39.8,-105.3,Golden,ZIP5_uszipcode,39.86943817138672,-105.28062438964844,2020-08-21 20:12:23.241425
470,IP9488 9488 INTERNATIONAL PAPER,QUERETARO,QRO,98277,MEX,98277,48.3,-122.7,Oak Harbor,ZIP5_uszipcode,30.897357886292305,-88.22800094620854,2020-08-21 20:12:23.596471
471,IP9489 9489 INTERNATIONAL PAPER,TULTITLAN,MEX,98277,MEX,98277,48.3,-122.7,Oak Harbor,ZIP5_uszipcode,23.28702,-106.40886,2020-08-21 20:12:24.510456
472,IP9490 9490 INTERNATIONAL PAPER,INDIANAPOLIS,IN,46221,USA,46221,39.7,-86.24,Indianapolis,ZIP5_uszipcode,39.92555920715364,-86.21385805477118,2020-08-21 20:12:24.706937
473,IP9491 9491 INTERNATIONAL PAPER,MOUNT PLEASANT,PA,15666,USA,15666,40.16,-79.53,Mount Pleasant,ZIP5_uszipcode,30.897261855166374,-88.22827794213386,2020-08-21 20:12:24.983211
474,IP9492 9492 INTERNATIONAL PAPER,CEDAR FALLS,IA,50613,USA,50613,42.5,-92.5,Cedar Falls,ZIP5_uszipcode,42.52045440673828,-92.45082092285156,2020-08-21 20:12:25.184430
475,IP9493 9493 INTERNATIONAL PAPER,COURTLAND,AL,35618,USA,35618,34.7,-87.3,Courtland,ZIP5_uszipcode,30.89726180556399,-88.22828020565166,2020-08-21 20:12:25.376482
476,IP9494 9494 INTERNATIONAL PAPER,SACRAMENTO,CA,95834,USA,95834,38.64,-121.52,Sacramento,ZIP5_uszipcode,38.5767245208567,-121.290618021838,2020-08-21 20:12:25.600134
477,IP9495 9495 INTERNATIONAL PAPER,JERSEY CITY,NJ,07305,USA,07305,40.7,-74.07,Jersey City,ZIP5_uszipcode,40.70225524902344,-74.08773803710938,2020-08-21 20:12:25.845488
478,IP9497 9497 INTERNATIONAL PAPER,AURORA,CO,80011,USA,80011,39.73,-104.79,Aurora,ZIP5_uszipcode,30.897261706352012,-88.22828473301082,2020-08-21 20:12:26.042965
479,IP9498 9498 INTERNATIONAL PAPER,COMMERCE,CA,90023,USA,90023,34.02,-118.2,Los Angeles,ZIP5_uszipcode,33.9441331912872,-118.381567912361,2020-08-21 20:12:26.231620
480,IP9501 9501 INTERNATIONAL PAPER,DANVILLE,IL,61834,USA,61834,40.1,-87.7,Danville,ZIP5_uszipcode,35.2472317500018,-93.1526813001588,2020-08-21 20:12:26.409152
481,IP9502 9502 INTERNATIONAL PAPER,MEMPHIS,TN,38118,USA,38118,35.04,-89.93,Memphis,ZIP5_uszipcode,35.052337646484375,-89.92459869384766,2020-08-21 20:12:26.576709
482,IP9550 9550 INTERNATIONAL PAPER,BOLINGBROOK,IL,60440,USA,60440,41.7,-88.08,Bolingbrook,ZIP5_uszipcode,41.69696807861328,-88.07913208007812,2020-08-21 20:12:26.803704
483,IP9551 9551 INTERNATIONAL PAPER,BEAVER DAM,WI,53916,USA,53916,43.5,-88.9,Beaver Dam,ZIP5_uszipcode,43.45734786987305,-88.83570098876953,2020-08-21 20:12:27.021898
484,IP9552 9552 INTERNATIONAL PAPER,E STROUDSBURG,PA,18301,USA,18301,41.0,-75.1,East Stroudsburg,ZIP5_uszipcode,30.89735588093781,-88.22809246460653,2020-08-21 20:12:27.231869
485,IP9553 9553 INTERNATIONAL PAPER,POMONA,CA,91767,USA,91767,34.09,-117.73,Pomona,ZIP5_uszipcode,34.0831413269043,-117.73925018310547,2020-08-21 20:12:27.470251
486,IP9554 9554 INTERNATIONAL PAPER,COVINGTON,TN,38019,USA,38019,35.5,-89.6,Covington,ZIP5_uszipcode,35.558555603027344,-89.6513671875,2020-08-21 20:12:27.714080
487,IP9555 9555 INTERNATIONAL *DO NOT USE*,STURGIS,MI,49091,USA,49091,41.8,-85.4,Sturgis,ZIP5_uszipcode,41.81084060668945,-85.42369079589844,2020-08-21 20:12:27.927518
488,IP9556 9556 INTERNATIONAL *DO NOT USE*,HAZLE TOWNSHIP,PA,18202,USA,18202,41.0,-76.0,Hazleton,ZIP5_uszipcode,40.92842483520508,-76.08964538574219,2020-08-21 20:12:28.225730
489,IP9557 9557 INTERNATIONAL *DO NOT USE*,GREENSBORO,NC,27407,USA,27407,36.01,-79.87,Greensboro,ZIP5_uszipcode,36.0785627336255,-79.9377978768336,2020-08-21 20:12:28.470085
490,IP9558 9558 INTERNATIONAL PAPER,MEDLEY,FL,33178,USA,33178,25.85,-80.37,Miami,ZIP5_uszipcode,28.1822591500178,-82.3491959999988,2020-08-21 20:12:28.718430
491,IP9559 9559 INTERNATIONAL PAPER,HAZLETON,PA,18202,USA,18202,41.0,-76.0,Hazleton,ZIP5_uszipcode,30.89726016858528,-88.22835490529702,2020-08-21 20:12:28.918810
492,IP9560 9560 INTERNATIONAL PAPER,LINFIELD,PA,19468,USA,19468,40.21,-75.54,Royersford,ZIP5_uszipcode,30.8973556302653,-88.22810390434536,2020-08-21 20:12:29.178047
493,IP9561 9561 INTERNATIONAL PAPER,ONTARIO,CA,91761,USA,91761,34.03,-117.59,Ontario,ZIP5_uszipcode,34.041229248046875,-117.60984802246094,2020-08-21 20:12:29.351756
494,IP9562 9562 INTERNATIONAL PAPER,BURLINGTON,NJ,08016,USA,08016,40.07,-74.84,Burlington,ZIP5_uszipcode,40.06422424316406,-74.85474395751953,2020-08-21 20:12:29.636008
500,IPA,LOS ANGELES,CA,98277,USA,98277,48.3,-122.7,Oak Harbor,ZIP5_uszipcode,34.05223846435547,-118.24334716796875,2020-08-21 20:12:29.790598
501,IPB,BELL,CA,98277,USA,98277,48.3,-122.7,Oak Harbor,ZIP5_uszipcode,33.97835922241211,-118.19023895263672,2020-08-21 20:12:29.944193
502,IPC,TOLEDO,,98277,USA,98277,48.3,-122.7,Oak Harbor,ZIP5_uszipcode,41.655296325683594,-83.53571319580078,2020-08-21 20:12:30.100782
503,IPD,TOCONDEROGA,,98277,USA,98277,48.3,-122.7,Oak Harbor,ZIP5_uszipcode,18.776561737060547,100.7740478515625,2020-08-21 20:12:30.305240
505,IPE03 6943 INTERNATIONAL PAPER,GREENSBORO,NC,27407,USA,27407,36.01,-79.87,Greensboro,ZIP5_uszipcode,36.07923970428047,-79.93959408409694,2020-08-21 20:12:30.503718
506,IPE33 6943 INTERNATIONAL PAPER,GREENSBORO,NC,27407,USA,27407,36.01,-79.87,Greensboro,ZIP5_uszipcode,36.07923970428047,-79.93959408409694,2020-08-21 20:12:30.694724
508,IPG80 6943 INTERNATIONAL PAPER,DFW AIRPORT,TX,75261,USA,75261,,,Dallas,ZIP5_uszipcode,32.88783264160156,-97.0402603149414,2020-08-21 20:12:30.867268
509,IPH,HOWELL,MI,98277,USA,98277,48.3,-122.7,Oak Harbor,ZIP5_uszipcode,42.6071662902832,-83.92960357666016,2020-08-21 20:12:31.010640
510,IPI,PINECASTLE,,98277,USA,98277,48.3,-122.7,Oak Harbor,ZIP5_uszipcode,18.776561737060547,100.7740478515625,2020-08-21 20:12:31.246019
511,IPI42 6943 INTERNATIONAL PAPER,DOWNEY,CA,90242,USA,90242,33.92,-118.14,Downey,ZIP5_uszipcode,33.8044831757713,-118.014252201407,2020-08-21 20:12:31.455700
512,IPI62 6943 INTERNATIONAL PAPER,LOVELAND,OH,45140,USA,45140,39.26,-84.24,Loveland,ZIP5_uszipcode,39.26784133911133,-84.26588439941406,2020-08-21 20:12:31.666603
513,IPI79 6943 INTERNATIONAL PAPER,CHARLOTTE,NC,28269,USA,28269,35.34,-80.79,Charlotte,ZIP5_uszipcode,35.336212158203125,-80.79713439941406,2020-08-21 20:12:31.911115
514,IPJ,TARAWA TERRACE,NC,98277,USA,98277,48.3,-122.7,Oak Harbor,ZIP5_uszipcode,34.7310676574707,-77.36967468261719,2020-08-21 20:12:32.165445
515,IPK,KANSAS CITY,,98277,USA,98277,48.3,-122.7,Oak Harbor,ZIP5_uszipcode,39.09979248046875,-94.57855987548828,2020-08-21 20:12:32.343983
516,IPK05 6943 INTERNATIONAL PAPER,GREENSBORO,NC,27407,USA,27407,36.01,-79.87,Greensboro,ZIP5_uszipcode,36.07923970428047,-79.93959408409694,2020-08-21 20:12:32.640066
517,IPK73 6943 INTERNATIONAL PAPER,SUGAR NOTCH,PA,18706,USA,18706,41.22,-75.9,Wilkes Barre,ZIP5_uszipcode,30.897710381944393,-88.22502910876942,2020-08-21 20:12:32.912777
518,,philllllllllllladelphis,,98277,USA,98277,48.3,-122.7,Oak Harbor,ZIP5_uszipcode,18.776561737060547,100.7740478515625,2020-08-21 20:12:33.134189
519,,Jacksonvill,,98277,USA,98277,48.3,-122.7,Oak Harbor,ZIP5_uszipcode,30.32596778869629,-81.6567611694336,2020-08-21 20:12:33.298755
520,,PARIS,TN,98277,USA,98277,48.3,-122.7,Oak Harbor,ZIP5_uszipcode,36.30275344848633,-88.32636260986328,2020-08-21 20:12:33.465333
521,,PARIS,,98277,USA,98277,48.3,-122.7,Oak Harbor,ZIP5_uszipcode,48.856895446777344,2.350848913192749,2020-08-21 20:12:33.709857
522,,MOSCOW,,98277,USA,98277,48.3,-122.7,Oak Harbor,ZIP5_uszipcode,55.75654220581055,37.61492156982422,2020-08-21 20:12:33.922809
523,,,,29902,USA,29902,32.38,-80.7,Beaufort,ZIP5_uszipcode,18.77656,100.77404,2020-08-21 20:12:34.229913
524,,,,38117,USA,38117,35.11,-89.9,Memphis,ZIP5_uszipcode,18.77656,100.77404,2020-08-21 20:12:34.570928
525,,"REDLANDS, CA",,98277,USA,98277,48.3,-122.7,Oak Harbor,ZIP5_uszipcode,34.05556106567383,-117.18260192871094,2020-08-21 20:12:34.732934
526,,REDLANDS,CA,98277,USA,98277,48.3,-122.7,Oak Harbor,ZIP5_uszipcode,34.05556106567383,-117.18260192871094,2020-08-21 20:12:34.880545
527,380 NEW YORK STREET,REDLANDS,CA,92373,USA,92373,34.0,-117.1,Redlands,ZIP5_uszipcode,34.057172,-117.194059,2020-08-21 20:12:35.090188
528,"380 NEW YORK STREET, REDLANDS, CA  92373",,,98277,USA,98277,48.3,-122.7,Oak Harbor,ZIP5_uszipcode,34.04313659667969,-117.18413543701172,2020-08-21 20:12:35.306617
529,INTERNATIONAL FIBRE RESOURCES INC,FLORENCE,SC,29501,USA,29501,34.21,-79.82,Florence,ZIP5_uszipcode,34.195682525634766,-79.81336212158203,2020-08-21 20:12:35.463208
530,THE PACKAGING WAREHOUSE,FORT MILL,SC,29715,USA,29715,35.01,-80.94,Fort Mill,ZIP5_uszipcode,35.02459716796875,-80.92341613769531,2020-08-21 20:12:35.634752
531,SOUTHEASTERN PAPERBOARD,PIEDMONT,SC,29673,USA,29673,34.7,-82.5,Piedmont,ZIP5_uszipcode,34.708038330078125,-82.44970703125,2020-08-21 20:12:35.814279
532,PAPER CUTTERS INC,GREENVILLE,SC,29617,USA,29617,34.91,-82.47,Greenville,ZIP5_uszipcode,34.897708892822266,-82.45088958740234,2020-08-21 20:12:36.045667
533,NEWARK PAPERBOARD PRODUCTS,GREENVILLE,SC,29608,USA,29608,,,Greenville,ZIP5_uszipcode,34.889854431152344,-82.38191986083984,2020-08-21 20:12:36.194276
534,SOUTHERN STATES PACKAGING COMPANY I,SPARTANBURG,SC,29304,USA,29304,,,Spartanburg,ZIP5_uszipcode,34.94594192504883,-81.93013000488281,2020-08-21 20:12:36.336898
535,SONOCO PRODUCTS COMPANY,HARTSVILLE,SC,29550,USA,29550,34.4,-80.1,Hartsville,ZIP5_uszipcode,34.3836555480957,-80.08612823486328,2020-08-21 20:12:36.482515
536,PINNACLE COATING & CONVERTING INC,SPARTANBURG,SC,29303,USA,29303,35.0,-81.98,Spartanburg,ZIP5_uszipcode,34.98505783081055,-81.96676635742188,2020-08-21 20:12:36.667027
537,PACKAGING CORPORATION OF AMERICA,NEWBERRY,SC,29108,USA,29108,34.3,-81.6,Newberry,ZIP5_uszipcode,34.27900695800781,-81.61642456054688,2020-08-21 20:12:36.801671
538,SONOCO PRODUCTS COMPANY,HARTSVILLE,SC,29550,USA,29550,34.4,-80.1,Hartsville,ZIP5_uszipcode,34.3836555480957,-80.08612823486328,2020-08-21 20:12:36.968231
539,"RECOVER, INC",GREENVILLE,SC,29607,USA,29607,34.84,-82.38,Greenville,ZIP5_uszipcode,34.819950103759766,-82.33882141113281,2020-08-21 20:12:37.145764
540,EXOPACK LLC,SPARTANBURG,SC,29302,USA,29302,34.89,-81.85,Spartanburg,ZIP5_uszipcode,34.91570281982422,-81.8809814453125,2020-08-21 20:12:37.287389
541,INDUSTRIAL PACKAGING SUPPLIES,FOUNTAIN INN,SC,29644,USA,29644,34.7,-82.2,Fountain Inn,ZIP5_uszipcode,34.6848258972168,-82.17964172363281,2020-08-21 20:12:37.428017
542,FORTIFIBER CORP,HANAHAN,SC,29406,USA,29406,32.93,-80.02,Charleston,ZIP5_uszipcode,32.919673919677734,-79.99009704589844,2020-08-21 20:12:37.565169
543,PACKAGING CORPORATION OF AMERICA,HONEA PATH,SC,29654,USA,29654,34.5,-82.4,Honea Path,ZIP5_uszipcode,34.450294494628906,-82.38851928710938,2020-08-21 20:12:37.767322
544,SOUTHERN STATES PKG,SPARTANBURG,SC,29307,USA,29307,34.99,-81.82,Spartanburg,ZIP5_uszipcode,34.98625564575195,-81.85679626464844,2020-08-21 20:12:37.920916
545,PORT RECYCLING,HARDEEVILLE,SC,29927,USA,29927,32.2,-81.0,Hardeeville,ZIP5_uszipcode,32.26628112792969,-81.05901336669922,2020-08-21 20:12:38.086735
546,SSA N. CHARLESTON TRM,NORTH CHARLESTON,SC,29405,USA,29405,32.85,-79.99,North Charleston,ZIP5_uszipcode,32.86027908325195,-79.98094177246094,2020-08-21 20:12:38.304310
547,SOUTHEASTERN PAPERBOARD,GREENVILLE,SC,29605,USA,29605,34.78,-82.38,Greenville,ZIP5_uszipcode,34.790462493896484,-82.38578796386719,2020-08-21 20:12:38.477852
548,STONE CONTAINER CORP,SPARTANBURG,SC,29303,USA,29303,35.0,-81.98,Spartanburg,ZIP5_uszipcode,34.98505783081055,-81.96676635742188,2020-08-21 20:12:38.620476
549,ATLANTIC TRANSPORTATION SERVICES,NORTH CHARLESTON,SC,29405,USA,29405,32.85,-79.99,North Charleston,ZIP5_uszipcode,32.86027908325195,-79.98094177246094,2020-08-21 20:12:38.802994
550,ATS LOGISTICS,NORTH CHARLESTON,SC,29405,USA,29405,32.85,-79.99,North Charleston,ZIP5_uszipcode,32.86027908325195,-79.98094177246094,2020-08-21 20:12:39.003464
551,S & W MANUFACTURING,FLORENCE,SC,29501,USA,29501,34.21,-79.82,Florence,ZIP5_uszipcode,34.229785,-79.799479,2020-08-21 20:12:39.246824
552,SSA STEVEADORES/COOPER,CHARLESTON,SC,29403,USA,29403,32.8,-79.94,Charleston,ZIP5_uszipcode,32.783329010009766,-79.9333267211914,2020-08-21 20:12:39.410422
553,DOLE FRESH FRUIT CO,HANAHAN,SC,29406,USA,29406,32.93,-80.02,Charleston,ZIP5_uszipcode,32.919673919677734,-79.99009704589844,2020-08-21 20:12:39.602259
554,PACKAGING CORPORATION OF AMERICA,HONEA PATH,SC,29654,USA,29654,34.5,-82.4,Honea Path,ZIP5_uszipcode,34.450294494628906,-82.38851928710938,2020-08-21 20:12:39.757848
555,STONE CONTAINER CORP,COLUMBIA,SC,29210,USA,29210,34.04,-81.11,Columbia,ZIP5_uszipcode,34.04463195800781,-81.1092529296875,2020-08-21 20:12:39.911108
556,WELLPAK,GREENVILLE,SC,29611,USA,29611,34.83,-82.46,Greenville,ZIP5_uszipcode,34.84010314941406,-82.4492416381836,2020-08-21 20:12:40.057465
557,STONE CONTAINER CORP,LATTA,SC,29565,USA,29565,34.4,-79.5,Latta,ZIP5_uszipcode,34.337162017822266,-79.43694305419922,2020-08-21 20:12:40.232338
558,UNISLIT CORP,FLORENCE,SC,29501,USA,29501,34.21,-79.82,Florence,ZIP5_uszipcode,34.195682525634766,-79.81336212158203,2020-08-21 20:12:40.380947
559,GALAXY FORWARDING,HANAHAN,SC,29406,USA,29406,32.93,-80.02,Charleston,ZIP5_uszipcode,32.919673919677734,-79.99009704589844,2020-08-21 20:12:40.529554
560,PACKAGING CORPORATION OF AMERICA,NEWBERRY,SC,29108,USA,29108,34.3,-81.6,Newberry,ZIP5_uszipcode,34.27900695800781,-81.61642456054688,2020-08-21 20:12:40.675186
561,SOUTHEASTERN PAPER BOARD,PIEDMONT,SC,29673,USA,29673,34.7,-82.5,Piedmont,ZIP5_uszipcode,34.708038330078125,-82.44970703125,2020-08-21 20:12:40.819853
562,BLACKHAWK LOGISTICS,HANAHAN,SC,29406,USA,29406,32.93,-80.02,Charleston,ZIP5_uszipcode,32.919673919677734,-79.99009704589844,2020-08-21 20:12:40.989405
563,ATS LOGISTICS - CARVIMSA,OLIVER,SC,29418,USA,29418,32.89,-80.06,North Charleston,ZIP5_uszipcode,32.882286071777344,-80.0654296875,2020-08-21 20:12:41.178082
564,BLACKHAWK LOGISTICS,HANAHAN,SC,29406,USA,29406,32.93,-80.02,Charleston,ZIP5_uszipcode,32.919673919677734,-79.99009704589844,2020-08-21 20:12:41.330017
565,NEVAMAR COMPANY,HAMPTON,SC,29924,USA,29924,32.9,-81.1,Hampton,ZIP5_uszipcode,32.878536224365234,-81.10795593261719,2020-08-21 20:12:41.501892
566,IPS PACKAGING,FOUNTAIN INN,SC,29644,USA,29644,34.7,-82.2,Fountain Inn,ZIP5_uszipcode,34.6848258972168,-82.17964172363281,2020-08-21 20:12:41.640193
567,GREENVILLE PAPER CONVERTER,GREENVILLE,SC,29609,USA,29609,34.91,-82.39,Greenville,ZIP5_uszipcode,34.893516540527344,-82.4000015258789,2020-08-21 20:12:41.788103
568,PACKAGING CORPORATION OF AMERICA,HONEA PATH,SC,29654,USA,29654,34.5,-82.4,Honea Path,ZIP5_uszipcode,34.450294494628906,-82.38851928710938,2020-08-21 20:12:41.971614
569,CORRUPAC-GUAYAQUIL,CHARLESTON,SC,98277,USA,98277,48.3,-122.7,Oak Harbor,ZIP5_uszipcode,32.783329010009766,-79.9333267211914,2020-08-21 20:12:42.122748
570,CARAUSTAR RECOVERED FIBER GROUP,HARDEEVILLE,SC,29927,USA,29927,32.2,-81.0,Hardeeville,ZIP5_uszipcode,32.26628112792969,-81.05901336669922,2020-08-21 20:12:42.272353
571,INTERNATIONAL FIBRE RESOURCES INC,ORANGEBURG,SC,29115,USA,29115,33.5,-80.9,Orangeburg,ZIP5_uszipcode,33.49131393432617,-80.85855102539062,2020-08-21 20:12:42.449884
572,ATS LOGISTICS,OLIVER,SC,29418,USA,29418,32.89,-80.06,North Charleston,ZIP5_uszipcode,32.882286071777344,-80.0654296875,2020-08-21 20:12:42.666315
573,MILLIKEN AND CO,WHITE STONE,SC,29386,USA,29386,,,White Stone,ZIP5_uszipcode,34.903533935546875,-81.81758117675781,2020-08-21 20:12:42.830885
574,"JERICH USA, INC.",HANAHAN,SC,29406,USA,29406,32.93,-80.02,Charleston,ZIP5_uszipcode,32.919673919677734,-79.99009704589844,2020-08-21 20:12:42.967518
575,"PACKAGING SOLUTIONS, INC. - 0B48",JOHNSONVILLE,SC,29555,USA,29555,33.9,-79.5,Johnsonville,ZIP5_uszipcode,33.825233459472656,-79.45972442626953,2020-08-21 20:12:43.106153
576,ACO DISTRIBUTION,ORANGEBURG,SC,29115,USA,29115,33.5,-80.9,Orangeburg,ZIP5_uszipcode,33.49131393432617,-80.85855102539062,2020-08-21 20:12:43.281632
577,INTERNATIONAL PAPER - BUTLER/INDY-B,SPARTANBURG,SC,29307,USA,29307,34.99,-81.82,Spartanburg,ZIP5_uszipcode,34.98625564575195,-81.85679626464844,2020-08-21 20:12:43.432236
578,INTERNATIONAL PAPER BUTLER,SPARTANBURG,SC,29307,USA,29307,34.99,-81.82,Spartanburg,ZIP5_uszipcode,34.98625564575195,-81.85679626464844,2020-08-21 20:12:43.615320
579,INTERNATIONAL PAPER  BARRINGTON,SPARTANBURG,SC,29307,USA,29307,34.99,-81.82,Spartanburg,ZIP5_uszipcode,34.98625564575195,-81.85679626464844,2020-08-21 20:12:43.762725
580,INTERNATIONAL PAPER BARRINGTON,PIEDMONT,SC,29673,USA,29673,34.7,-82.5,Piedmont,ZIP5_uszipcode,34.708038330078125,-82.44970703125,2020-08-21 20:12:43.906583
581,CARAUSTAR INDUSTRIES INC - DIP,HARDEESVILLE,SC,29927,USA,29927,32.2,-81.0,Hardeeville,ZIP5_uszipcode,32.26628112792969,-81.05901336669922,2020-08-21 20:12:44.076136
582,TEMPLE-INLAND INC,LEXINGTON,SC,29072,USA,29072,34.0,-81.3,Lexington,ZIP5_uszipcode,33.99475860595703,-81.25888061523438,2020-08-21 20:12:44.211917
584,INTERNATIONAL PAPER - GRIFFIN,SPARTANBURG,SC,29307,USA,29307,34.99,-81.82,Spartanburg,ZIP5_uszipcode,34.98625564575195,-81.85679626464844,2020-08-21 20:12:44.355539
585,FRONTIER LOGISTICS,HANAHAN,SC,29410,USA,29410,32.94,-80.0,Hanahan,ZIP5_uszipcode,32.91604232788086,-80.00553131103516,2020-08-21 20:12:44.507138
586,SOUTHERN STATES PACKAGING - REBATE,SPARTANBURG,SC,29307,USA,29307,34.99,-81.82,Spartanburg,ZIP5_uszipcode,34.98625564575195,-81.85679626464844,2020-08-21 20:12:44.664736
587,NEVAMAR HAMPTON,HAMPTON,SC,29924,USA,29924,32.9,-81.1,Hampton,ZIP5_uszipcode,32.878536224365234,-81.10795593261719,2020-08-21 20:12:44.808343
588,MILLIKEN & COMPANY,WHITE STONE,SC,29386,USA,29386,,,White Stone,ZIP5_uszipcode,34.903533935546875,-81.81758117675781,2020-08-21 20:12:44.999354
589,INTERKRAFTS SC LLC,GREENVILLE,SC,29615,USA,29615,34.86,-82.29,Greenville,ZIP5_uszipcode,34.85879135131836,-82.3089599609375,2020-08-21 20:12:45.140976
590,SOUTHERN STATES PKG,SPARTANBURG,SC,29307,USA,29307,34.99,-81.82,Spartanburg,ZIP5_uszipcode,34.98625564575195,-81.85679626464844,2020-08-21 20:12:45.286593
591,PACKAGING CORPORATION OF AMERICA,SPARTANBURG,SC,29307,USA,29307,34.99,-81.82,Spartanburg,ZIP5_uszipcode,34.98625564575195,-81.85679626464844,2020-08-21 20:12:45.477607
592,GEORGIA PACIFIC,SPARTANBURG,SC,29302,USA,29302,34.89,-81.85,Spartanburg,ZIP5_uszipcode,34.91570281982422,-81.8809814453125,2020-08-21 20:12:45.630197
593,INTERKRAFT SC LLC,SIMPSONVILLE,SC,29681,USA,29681,34.76,-82.22,Simpsonville,ZIP5_uszipcode,34.76044464111328,-82.2376480102539,2020-08-21 20:12:45.768367
594,MEADWESTVACO,NORTH CHARLESTON,SC,29406,USA,29406,32.93,-80.02,Charleston,ZIP5_uszipcode,32.878868103027344,-80.01322937011719,2020-08-21 20:12:45.916974
595,SOUTHERN STATES PACKAGING,SPARTANBURG,SC,29307,USA,29307,34.99,-81.82,Spartanburg,ZIP5_uszipcode,34.98625564575195,-81.85679626464844,2020-08-21 20:12:46.089520
596,CHARLESTON TERMINAL N598,MT. PLEASANT,SC,29464,USA,29464,32.82,-79.86,Mount Pleasant,ZIP5_uszipcode,32.81800842285156,-79.85951232910156,2020-08-21 20:12:46.351838
597,QUALITY MATERIAL SOLUTIONS,WALTERBORO,SC,29488,USA,29488,32.9,-80.7,Walterboro,ZIP5_uszipcode,32.90385437011719,-80.66438293457031,2020-08-21 20:12:46.498440
598,SOUTHERN STATES PACKAGING COMPANY,SPARTANBURG,SC,29307,USA,29307,34.99,-81.82,Spartanburg,ZIP5_uszipcode,34.98625564575195,-81.85679626464844,2020-08-21 20:12:46.643058
599,"JERICH USA WAREHOUSE HANAHAN, SC",HANAHAN,SC,29410,USA,29410,32.94,-80.0,Hanahan,ZIP5_uszipcode,32.91604232788086,-80.00553131103516,2020-08-21 20:12:46.836547
600,FRONTIER LOGISTICS,HANAHAN,SC,29410,USA,29410,32.94,-80.0,Hanahan,ZIP5_uszipcode,32.91604232788086,-80.00553131103516,2020-08-21 20:12:46.998121
601,JERICH USA INC.,HANAHAN,SC,29410,USA,29410,32.94,-80.0,Hanahan,ZIP5_uszipcode,32.91604232788086,-80.00553131103516,2020-08-21 20:12:47.145328
602,SOUTHERN STATES PACKAGING COMPANY 2,SPARTANBURG,SC,29307,USA,29307,34.99,-81.82,Spartanburg,ZIP5_uszipcode,34.98625564575195,-81.85679626464844,2020-08-21 20:12:47.369388
603,PREMIER LOGISTICS,HANAHAN,SC,29410,USA,29410,32.94,-80.0,Hanahan,ZIP5_uszipcode,32.91604232788086,-80.00553131103516,2020-08-21 20:12:47.538127
604,DOLE FRESH FRUIT COMPANY,MOUNT PLEASANT,SC,29464,USA,29464,32.82,-79.86,Mount Pleasant,ZIP5_uszipcode,32.81800842285156,-79.85951232910156,2020-08-21 20:12:47.718649
605,WAINWRIGHT INDUSTRIES INC.,HANAHAN,SC,29410,USA,29410,32.94,-80.0,Hanahan,ZIP5_uszipcode,32.91604232788086,-80.00553131103516,2020-08-21 20:12:47.893187
606,TVS SUPPLY CHAIN SOLUTIONS,HANAHAN,SC,29410,USA,29410,32.94,-80.0,Hanahan,ZIP5_uszipcode,32.91604232788086,-80.00553131103516,2020-08-21 20:12:48.047823
607,PAPER CONVERTERS,WALTERBORO,SC,29488,USA,29488,32.9,-80.7,Walterboro,ZIP5_uszipcode,32.90385437011719,-80.66438293457031,2020-08-21 20:12:48.223371
608,FORTRESS FIBER LLC,SPARTANBURG,SC,29307,USA,29307,34.99,-81.82,Spartanburg,ZIP5_uszipcode,34.98625564575195,-81.85679626464844,2020-08-21 20:12:48.401889
609,RSI WAREHOUSE - 0B73,GEORGETOWN,SC,29440,USA,29440,33.4,-79.4,Georgetown,ZIP5_uszipcode,33.39552307128906,-79.32733917236328,2020-08-21 20:12:48.608345
610,Southern States Pkg   Spartanburg SC,Spartanburg,SC,29304,USA,29304,,,Spartanburg,ZIP5_uszipcode,34.947914123535156,-81.93466186523438,2020-08-21 20:12:48.804405
611,Southern States Packaging Co (PARENT),Spartanburg,SC,29304,USA,29304,,,Spartanburg,ZIP5_uszipcode,34.94594192504883,-81.93013000488281,2020-08-21 20:12:48.987625
612,International Fibre Resources (PARENT),Florence,SC,29504,USA,29504,,,Florence,ZIP5_uszipcode,34.16709518432617,-79.77232360839844,2020-08-21 20:12:49.139508
613,Southeastern Paperboard,Piedmont,SC,29673,USA,29673,34.7,-82.5,Piedmont,ZIP5_uszipcode,34.708038330078125,-82.44970703125,2020-08-21 20:12:49.561743
614,Southeastern Paperboard  Piedmont SC,Piedmont,SC,29673,USA,29673,34.7,-82.5,Piedmont,ZIP5_uszipcode,34.708038330078125,-82.44970703125,2020-08-21 20:12:49.716333
615,Milliken Coated Prod   White Stone SC,White Stone,SC,29386,USA,29386,,,White Stone,ZIP5_uszipcode,34.903533935546875,-81.81758117675781,2020-08-21 20:12:49.929770
616,Milliken Packaging Inc    White Stone SC,White Stone,SC,29386,USA,29386,,,White Stone,ZIP5_uszipcode,34.903533935546875,-81.81758117675781,2020-08-21 20:12:50.079802
617,Southern States Pkg  SpartanburgSC,Spartanburg,SC,29307,USA,29307,34.99,-81.82,Spartanburg,ZIP5_uszipcode,34.947914123535156,-81.93466186523438,2020-08-21 20:12:50.238691
618,Interstate Container Columbia SC,Columbia,SC,29210,USA,29210,34.04,-81.11,Columbia,ZIP5_uszipcode,34.04463195800781,-81.1092529296875,2020-08-21 20:12:50.494330
619,Interkraft SC LLC  (PARENT),Greenville,SC,29615,USA,29615,34.86,-82.29,Greenville,ZIP5_uszipcode,34.85879135131836,-82.3089599609375,2020-08-21 20:12:50.637951
620,Georgia Pacific  Spartanburg Sc,Spartanburg,SC,29302,USA,29302,34.89,-81.85,Spartanburg,ZIP5_uszipcode,34.947914123535156,-81.93466186523438,2020-08-21 20:12:50.789647
621,Southeastern Paperboard Piedmont SC,Piedmont,SC,29673,USA,29673,34.7,-82.5,Piedmont,ZIP5_uszipcode,34.708038330078125,-82.44970703125,2020-08-21 20:12:50.939253
622,Lexington Plant,Lexington,SC,29072,USA,29072,34.0,-81.3,Lexington,ZIP5_uszipcode,33.99475860595703,-81.25888061523438,2020-08-21 20:12:51.123765
