,AnyID,address,city,state,zip,country,newzip,ziplat,ziplon,zip_geo_city,zip_status
0,0003,Hudson River Mill,HUDSON RIVER,NY,,US,,N/A,N/A,N/A,N/A
1,0010,568 Shore Airport Rd,Ticonderoga,NY,12883,US,12883,43.9,-73.5,Ticonderoga,ZIP5_uszipcode
2,0034,"Riley Road, PO Box 20",Jay,ME,04239,US,04239,44.52,-70.22,Jay,ZIP5_uszipcode
3,0063,77622 US Hwy 101,Gardiner,OR,97441,US,97441,43.8,-124.1,Gardiner,ZIP5_uszipcode
4,0085,2401 PRAIRIETON RD,TERRE HAUTE,IN,47802,US,47802,39.4,-87.4,Terre Haute,ZIP5_uszipcode
5,0113,361 FEDERAL RD,RIEGELWOOD,NC,28456,US,28456,34.4,-78.3,Riegelwood,ZIP5_uszipcode
6,01IA,2800 Dixon Street,Des Moines,IA,50316,US,50316,41.61,-93.6,Des Moines,ZIP5_uszipcode
7,01IL,1225 W. Bryn Mawr Ave,Itasca,IL,60143,US,60143,41.97,-88.02,Itasca,ZIP5_uszipcode
8,0201,1640 E Lake Rd,Erie,PA,16533,US,16533,,,Erie,ZIP5_uszipcode
9,0202,Park Street Entrance,Lock Haven,PA,17745,US,17745,41.3,-77.4,Lock Haven,ZIP5_uszipcode
10,0204,101 Mitchell St,Oswego,NY,13126,US,13126,43.4,-76.5,Oswego,ZIP5_uszipcode
11,0205,601 County Rd 78,Selma,AL,36703,US,36703,32.5,-86.9,Selma,ZIP5_uszipcode
12,0230,705 Colliers Lane,Bastrop,LA,71220,US,71220,32.8,-91.9,Bastrop,ZIP5_uszipcode
13,0240,3737 Hwy 3 N,Redwood,MS,39156,US,39156,32.5,-90.8,Redwood,ZIP5_uszipcode
14,0241,9978 FM Rd 3129,Queen City,TX,75572,US,75572,33.2,-94.1,Queen City,ZIP5_uszipcode
15,0259,700 S Kaminski St,Georgetown,SC,29440,US,29440,33.4,-79.4,Georgetown,ZIP5_uszipcode
16,0261,61 Carthage Point Rd,Natchez,MS,39120,US,39120,31.5,-91.4,Natchez,ZIP5_uszipcode
17,0262,5201 Fairfield Rd,Pine Bluff,AR,71601,US,71601,34.2,-91.9,Pine Bluff,ZIP5_uszipcode
18,0268,1202 HIGHWAY 509,MANSFIELD,LA,71052,US,71052,32.0,-93.7,Mansfield,ZIP5_uszipcode
19,0269,300 Williams Lake Rd,Pineville,LA,71360,US,71360,31.3,-92.4,Pineville,ZIP5_uszipcode
20,02GA,1201 W. Lathrop Ave,Savannah,GA,31415,US,31415,32.08,-81.13,Savannah,ZIP5_uszipcode
21,02MI,Co Rd Class A,Newberry,MI,49868,US,49868,46.5,-85.6,Newberry,ZIP5_uszipcode
22,0325,2701 Indian Hut Rd,Georgetown,SC,29440,US,29440,33.4,-79.4,Georgetown,ZIP5_uszipcode
23,0329,Hwy 82 E,New Boston,TX,75570,US,75570,33.5,-94.4,New Boston,ZIP5_uszipcode
24,0330,2600 S Arkansas St,Springhill,LA,71075,US,71075,32.98,-93.46,Springhill,ZIP5_uszipcode
25,0334,2708 Hwy 53 S,Gurdon,AR,71743,US,71743,33.9,-93.1,Gurdon,ZIP5_uszipcode
26,0337,609 Industrial Dr,Henderson,TX,75652,US,75652,32.3,-94.7,Henderson,ZIP5_uszipcode
27,0338,1400 S Main St,Leola,AR,72084,US,72084,34.2,-92.6,Leola,ZIP5_uszipcode
28,0345,1633 S First St,Wiggins,MS,39577,US,39577,30.9,-89.1,Wiggins,ZIP5_uszipcode
29,0346,"Hwy 67 N, #1 IP Lane",Gurdon,AR,71743,US,71743,33.9,-93.1,Gurdon,ZIP5_uszipcode
30,0376,3000 KNIGHT ST,SHREVEPORT,LA,71105,US,71105,32.45,-93.71,Shreveport,ZIP5_uszipcode
31,0397,7475 AL Hwy 22,Maplesville,AL,36750,US,36750,32.8,-86.8,Maplesville,ZIP5_uszipcode
32,03WI,Highway US 141,Pembine,WI,54156,US,54156,45.6,-87.9,Pembine,ZIP5_uszipcode
33,0491,"4206 Mike Padgett Hwy, Gate 74",Augusta,GA,30906,US,30906,33.3,-82.0,Augusta,ZIP5_uszipcode
34,04KY,401 Rail Street,London,KY,40741,US,40741,37.1,-84.1,London,ZIP5_uszipcode
35,04LA,2806 Williamson Way,Shreveport,LA,71118,US,71118,32.39,-93.81,Shreveport,ZIP5_uszipcode
36,05KY,285 SAVOY CLEAR CREEK RD,WILLIAMSBURG,KY,40769,US,40769,36.7,-84.2,Williamsburg,ZIP5_uszipcode
37,05OK,100 HC 74,WRIGHT CITY,OK,74766,US,74766,34.2,-95.0,Wright City,ZIP5_uszipcode
38,0609,100 Gaston Rd,Roanoke Rapids,NC,27870,US,27870,36.43,-77.71,Roanoke Rapids,ZIP5_uszipcode
39,0618,375 MUSCOGEE RD,CANTONMENT,FL,32533,US,32533,30.62,-87.32,Cantonment,ZIP5_uszipcode
40,0627,16504 COUNTY ROAD 150,COURTLAND,AL,35618,US,35618,34.7,-87.3,Courtland,ZIP5_uszipcode
41,0628,U.S. Highway 2,Quinnesec,MI,49876,US,49876,45.78,-87.98,Quinnesec,ZIP5_uszipcode
42,0630,River Rd,Bucksport,ME,04416,US,04416,44.6,-68.7,Bucksport,ZIP5_uszipcode
43,0633,100 E Sartell St,Sartell,MN,56377,US,56377,45.64,-94.23,Sartell,ZIP5_uszipcode
44,0648,34 Valley View,Woronoco,MA,01097,US,01097,42.17,-72.85,Woronoco,ZIP5_uszipcode
45,0650,Paper Mill Rd,Erving,MA,01344,US,01344,42.61,-72.43,Erving,ZIP5_uszipcode
46,0660,4278 MIKE PADGETT HWY,AUGUSTA,GA,30906,US,30906,33.3,-82.0,Augusta,ZIP5_uszipcode
47,0661,865 John L. Riegel Rd,Riegelwood,NC,28456,US,28456,34.4,-78.3,Riegelwood,ZIP5_uszipcode
48,06GA,Hwy 80 W.,Bloomingdale,GA,31302,US,31302,32.11,-81.34,Bloomingdale,ZIP5_uszipcode
49,06MI,US Highway 41,Rapid River,MI,49878,US,49878,45.9,-86.8,Rapid River,ZIP5_uszipcode
50,0712,400 Dayton St,Hamilton,OH,45011,US,45011,39.4,-84.5,Hamilton,ZIP5_uszipcode
51,0715,600 Thilmany Rd,Kaukauna,WI,54130,US,54130,44.3,-88.2,Kaukauna,ZIP5_uszipcode
52,0769,4001 Mc Cords Ferry Rd,Eastover,SC,29044,US,29044,33.9,-80.7,Eastover,ZIP5_uszipcode
53,0776,34040 UNION CAMP DR,FRANKLIN,VA,23851,US,23851,36.7,-77.0,Franklin,ZIP5_uszipcode
54,07GA,McBean Woodyard,Georgetown,SC,,US,,N/A,N/A,N/A,N/A
55,07MI,8492 YUILL RD,VANDERBILT,MI,49795,US,49795,45.2,-84.6,Vanderbilt,ZIP5_uszipcode
56,07MS,75 Carthage Point Rd,Natchez,MS,39120,US,39120,31.5,-91.4,Natchez,ZIP5_uszipcode
57,0805,39 S Broad St,Westfield,MA,01085,US,01085,42.2,-72.8,Westfield,ZIP5_uszipcode
58,0855,Hwy 121 on Fruit Hill Rd,Johnston,SC,29832,US,29832,33.8,-81.8,Johnston,ZIP5_uszipcode
59,0867,100 Jensen Rd,Prattville,AL,36067,US,36067,32.5,-86.6,Prattville,ZIP5_uszipcode
60,0899,1201 W LATHROP AVE,SAVANNAH,GA,31415,US,31415,32.08,-81.13,Savannah,ZIP5_uszipcode
61,08GA,1380 Morris Rd,Madison,GA,30650,US,30650,33.6,-83.4,Madison,ZIP5_uszipcode
62,08MI,Kimberly Road,Marenisco,MI,49947,US,49947,46.4,-89.6,Marenisco,ZIP5_uszipcode
63,0957,"3287 College St Ext, Hwy 121",Newberry,SC,29108,US,29108,34.3,-81.6,Newberry,ZIP5_uszipcode
64,09GA,158 CONEY RD S,CORDELE,GA,31015,US,31015,31.9,-83.8,Cordele,ZIP5_uszipcode
65,09MI,US Hwy 41,Allouez,MI,49805,US,49805,47.3,-88.42,Allouez,ZIP5_uszipcode
66,09TN,202 Mill Creek Road,Sunbright,TN,37872,US,37872,36.3,-84.7,Sunbright,ZIP5_uszipcode
67,0A27,476 Carrsville Hwy,Franklin,VA,23851,US,23851,36.7,-77.0,Franklin,ZIP5_uszipcode
68,0C04,Highway 59 N.,Corrigan,TX,75939,US,75939,31.0,-94.8,Corrigan,ZIP5_uszipcode
69,10ME,32 Stetson Rd,East Newport,ME,04933,US,04933,44.86,-69.22,East Newport,ZIP5_uszipcode
70,10NY,Route 3,Colton,NY,13625,US,13625,44.5,-74.9,Colton,ZIP5_uszipcode
71,10TN,701 HOWARD BAKER HWY,PIONEER,TN,37847,US,37847,36.4,-84.3,Pioneer,ZIP5_uszipcode
72,10VA,35080 BUTLER FARM RD,FRANKLIN,VA,23851,US,23851,36.7,-77.0,Franklin,ZIP5_uszipcode
73,12TX,Aiken Rd,Scottsville,TX,75688,US,75688,,,Scottsville,ZIP5_uszipcode
74,12VA,"35151 Great Mill Rd, VA Route",Franklin,VA,23851,US,23851,36.7,-77.0,Franklin,ZIP5_uszipcode
75,12WI,Hwy 101,Florence,WI,54121,US,54121,45.9,-88.3,Florence,ZIP5_uszipcode
76,13MS,"318 Yandell St,  Canton 35046",,MS,00000,US,00000,N/A,N/A,N/A,N/A
77,15AL,Paper Mill Rd,Mobile,AL,36633,US,36633,,,Mobile,ZIP5_uszipcode
78,16AL,Red Cliff Rd,Creola,AL,36525,US,36525,30.9,-88.0,Creola,ZIP5_uszipcode
79,17FL,375 MUSCOGEE RD,CANTONMENT,FL,32533,US,32533,30.62,-87.32,Cantonment,ZIP5_uszipcode
80,17MI,W6791 US HIGHWAY 2,QUINNESEC,MI,49876,US,49876,45.78,-87.98,Quinnesec,ZIP5_uszipcode
81,1AAL,125 6th Street,Montgomery,AL,36104,US,36104,32.4,-86.33,Montgomery,ZIP5_uszipcode
82,1AGA,2449 STAGECOACH RD,OGLETHORPE,GA,31068,US,31068,32.3,-84.1,Oglethorpe,ZIP5_uszipcode
83,1AMS,4335 Carson Rd,Columbus,MS,39701,US,39701,33.4,-88.5,Columbus,ZIP5_uszipcode
84,1ANC,1785 Weyerhaeuser Drive,New Bern,NC,28586,US,28586,35.3,-77.2,Vanceboro,ZIP5_uszipcode
85,1BGA,100 Appleby Road,Port Wentworth,GA,31407,US,31407,32.18,-81.18,Savannah,ZIP5_uszipcode
86,1BMS,150 LAGRANGE RD,EUPORA,MS,39744,US,39744,33.6,-89.3,Eupora,ZIP5_uszipcode
87,20MI,Ensign Woodyard,ENSIGN,MI,,US,,N/A,N/A,N/A,N/A
88,21LA,4537 Highway 80,Campti,LA,71411,US,71411,31.9,-93.1,Campti,ZIP5_uszipcode
89,21ME,131 Landfill Road,Dover-Foxcroft,ME,04426,US,04426,45.2,-69.2,Dover Foxcroft,ZIP5_uszipcode
90,21MI,Ishpeming Woodyard,NORWAY,MI,,US,,N/A,N/A,N/A,N/A
91,21MN,Hwy 210,Carlton,MN,55718,US,55718,46.7,-92.4,Carlton,ZIP5_uszipcode
92,22MI,Cellotex Woodyard,Norway,MI,,US,,N/A,N/A,N/A,N/A
93,22MN,1105 N 1st St,Bemidji,MN,56601,US,56601,47.5,-94.8,Bemidji,ZIP5_uszipcode
94,23AR,2700 Hwy 81 N.,Pine Bluff,AR,71601,US,71601,34.2,-91.9,Pine Bluff,ZIP5_uszipcode
95,23MI,Caffey Woodyard,NORWAY,MI,,US,,N/A,N/A,N/A,N/A
96,24AR,Cadron Creek Chip Mill,Menifee,AR,,US,,N/A,N/A,N/A,N/A
97,25AR,120 MAIN ST,DIERKS,AR,71833,US,71833,34.1,-94.0,Dierks,ZIP5_uszipcode
98,25SC,5956 S. Fraser St,Georgetown,SC,29440,US,29440,33.4,-79.4,Georgetown,ZIP5_uszipcode
99,26ME,Route 27,Farmington,ME,04459,US,04459,45.55,-68.32,Mattawamkeag,ZIP5_uszipcode
100,26MI,117 WILD RIVER RD,IRON RIVER,MI,49935,US,49935,46.2,-88.7,Iron River,ZIP5_uszipcode
101,31AL,550 RIVERPARK DRIVE,JACKSON,AL,36545,US,36545,31.5,-87.9,Jackson,ZIP5_uszipcode
102,31GA,115 Gordon McIntyre Rd,Gordon,GA,31031,US,31031,32.9,-83.3,Gordon,ZIP5_uszipcode
103,32NH,Ossipee Lake Rd,West Ossipee,NH,03890,US,03890,43.81,-71.23,West Ossipee,ZIP5_uszipcode
104,33AL,8510 River Rd,Selma,AL,36701,US,36701,32.5,-87.0,Selma,ZIP5_uszipcode
105,33SC,598 Plywood Plant Rd,Silverstreet,SC,29145,US,29145,34.22,-81.77,Silverstreet,ZIP5_uszipcode
106,34NC,799 Grists Rd,Chadbourn,NC,28431,US,28431,34.3,-78.9,Chadbourn,ZIP5_uszipcode
107,36ME,131 Landfill Road,Dover,ME,04426,US,04426,45.2,-69.2,Dover Foxcroft,ZIP5_uszipcode
108,37ME,"RFD #1, Box 35A",Cherryfield,ME,04622,US,04622,44.8,-68.0,Cherryfield,ZIP5_uszipcode
109,37MS,2026 S. Commerce St,Grenada,MS,38901,US,38901,33.8,-89.8,Grenada,ZIP5_uszipcode
110,39NC,247 Collins Road,Norlina,NC,27563,US,27563,36.4,-78.2,Norlina,ZIP5_uszipcode
111,41NC,335 JESSE HILL RD,SNOW HILL,NC,28580,US,28580,35.4,-77.7,Snow Hill,ZIP5_uszipcode
112,42AL,7616 HIGHWAY 10 W,PINE HILL,AL,36769,US,36769,32.0,-87.5,Pine Hill,ZIP5_uszipcode
113,44ME,14 Bagley Avenue,Bucksport,ME,04416,US,04416,44.6,-68.7,Bucksport,ZIP5_uszipcode
114,46MS,2385 Hwy 72,Glen,MS,38846,US,38846,34.85,-88.4,Glen,ZIP5_uszipcode
115,47ME,Studmill Rd,Milford,ME,04461,US,04461,44.98,-68.57,Milford,ZIP5_uszipcode
116,48MS,Fulton Woodyard - Port Itwamba,Fulton,MS,38843,US,38843,34.3,-88.4,Fulton,ZIP5_uszipcode
117,51GA,4231 Mike Padgett Hwy,Augusta,GA,30906,US,30906,33.3,-82.0,Augusta,ZIP5_uszipcode
118,52GA,115 Gordon McIntyre Rd,Gordon,GA,31031,US,31031,32.9,-83.3,Gordon,ZIP5_uszipcode
119,52TX,F.M. Rd 3129,Queen City,TX,75572,US,75572,33.2,-94.1,Queen City,ZIP5_uszipcode
120,53GA,1380 Morris Rd,Madison,GA,30650,US,30650,33.6,-83.4,Madison,ZIP5_uszipcode
121,53MI,W6582 Highway U.S. 2,Norway,MI,49870,US,49870,45.8,-87.9,Norway,ZIP5_uszipcode
122,54GA,New Petersbury Rd,Lincolnton,GA,30817,US,30817,33.8,-82.4,Lincolnton,ZIP5_uszipcode
123,54MN,2425 Terminal Road,Roseville,MN,55113,US,55113,45.01,-93.16,Saint Paul,ZIP5_uszipcode
124,54TN,701 Howard Baker Hwy,Pioneer,TN,37847,US,37847,36.4,-84.3,Pioneer,ZIP5_uszipcode
125,58LA,1202 Hwy 509,Mansfield,LA,71052,US,71052,32.0,-93.7,Mansfield,ZIP5_uszipcode
126,58MS,Hwy 3 N.,Redwood,MS,39156,US,39156,32.5,-90.8,Redwood,ZIP5_uszipcode
127,6027,476 Carrsville Hwy,Franklin,VA,23851,US,23851,36.7,-77.0,Franklin,ZIP5_uszipcode
128,6028,911 Old River Rd,Meldrim,GA,31318,US,31318,32.141,-81.379,Meldrim,ZIP5_uszipcode
129,6029,103 Mays Blvd,Folkston,GA,31537,US,31537,30.9,-82.0,Folkston,ZIP5_uszipcode
130,6030,4400 NC Hwy 186,Seaboard,NC,27876,US,27876,36.49,-77.39,Seaboard,ZIP5_uszipcode
131,6031,2100 Industrial Blvd,Opelika,AL,36801,US,36801,32.7,-85.4,Opelika,ZIP5_uszipcode
132,6032,102 Main St,Chapman,AL,36015,US,36015,,,Chapman,ZIP5_uszipcode
133,6033,102 Main St,Chapman,AL,36015,US,36015,,,Chapman,ZIP5_uszipcode
134,6034,19953 US Hwy 31 S.,Thorsby,AL,35171,US,35171,32.89,-86.73,Thorsby,ZIP5_uszipcode
135,60LA,5957 Airport Rd,Bastrop,LA,71220,US,71220,32.8,-91.9,Bastrop,ZIP5_uszipcode
136,60NC,SR 1102 CR - Collins Rd,Norlina,NC,27563,US,27563,36.4,-78.2,Norlina,ZIP5_uszipcode
137,61NC,SR 1103,Snow Hill,NC,28580,US,28580,35.4,-77.7,Snow Hill,ZIP5_uszipcode
138,6202,FM 62,Camden,TX,75934,US,75934,30.912,-94.738,Camden,ZIP5_uszipcode
139,6207,185 Diamond Road,Passadumkeag,ME,04475,US,04475,45.18,-68.59,Passadumkeag,ZIP5_uszipcode
140,6210,20025 Odom Rd,Citronelle,AL,36522,US,36522,31.0,-88.3,Citronelle,ZIP5_uszipcode
141,6211,401 Champion Dr,McDavid,FL,32568,US,32568,30.8,-87.5,Mc David,ZIP5_uszipcode
142,6213,109 Halsema Rd S.,Whitehouse,FL,32220,US,32220,30.34,-81.85,Jacksonville,ZIP5_uszipcode
143,63AR,Cardon Creek Chip Mill-Frstlds,Menifee,AR,,US,,N/A,N/A,N/A,N/A
144,64SC,239 Old Anderson Rd,Pendleton,SC,29670,US,29670,34.6,-82.7,Pendleton,ZIP5_uszipcode
145,65SC,177 Strother Rd,Union,SC,29379,US,29379,34.7,-81.6,Union,ZIP5_uszipcode
146,67AL,200 Jensen Rd,Prattville,AL,36067,US,36067,32.5,-86.6,Prattville,ZIP5_uszipcode
147,6972,1510 18TH ST,FORT MADISON,IA,52627,US,52627,40.6,-91.4,Fort Madison,ZIP5_uszipcode
148,7106,7600 HIGHWAY 10 W,PINE HILL,AL,36769,US,36769,32.0,-87.5,Pine Hill,ZIP5_uszipcode
149,7107,5936 PERKINS RD,OXNARD,CA,93033,US,93033,34.15,-119.14,Oxnard,ZIP5_uszipcode
150,7108,4600 C ST SW,CEDAR RAPIDS,IA,52404,US,52404,41.9,-91.7,Cedar Rapids,ZIP5_uszipcode
151,7109,1500 COMMONWEALTH DR,HENDERSON,KY,42420,US,42420,37.8,-87.5,Henderson,ZIP5_uszipcode
152,7110,4537 HIGHWAY 480,CAMPTI,LA,71411,US,71411,31.9,-93.1,Campti,ZIP5_uszipcode
153,7113,890 INTERNATIONAL PAPER LN,VALLIANT,OK,74764,US,74764,34.0,-95.1,Valliant,ZIP5_uszipcode
154,7114,3251 OLD SALEM RD NE,ALBANY,OR,97321,US,97321,44.6,-123.2,Albany,ZIP5_uszipcode
155,7115,801 42ND ST,SPRINGFIELD,OR,97478,US,97478,44.1,-122.8,Springfield,ZIP5_uszipcode
156,71AL,102 Main St,Chapman,AL,36015,US,36015,,,Chapman,ZIP5_uszipcode
157,71ME,"Chester Forest Products, Rt. 1",Chester,ME,04457,US,04457,45.4,-68.5,Lincoln,ZIP5_uszipcode
158,72AL,2550 Jackson Ferry Rd,Montgomery,AL,36124,US,36124,,,Montgomery,ZIP5_uszipcode
159,72LA,5690 Hwy 486,Natchitoches,LA,71411,US,71411,31.9,-93.1,Campti,ZIP5_uszipcode
160,72MS,12271 HIGHWAY 16 W,DE KALB,MS,39328-,US,39328,32.7,-88.7,De Kalb,ZIP5_uszipcode
161,7442,2585 E 200 N,CAYUGA,IN,47928,US,47928,39.94,-87.45,Cayuga,ZIP5_uszipcode
162,7444,238 MAYS BRIDGE RD SW,ROME,GA,30165,US,30165,34.3,-85.3,Rome,ZIP5_uszipcode
163,7445,401 AVENUE U,BOGALUSA,LA,70427,US,70427,30.8,-89.9,Bogalusa,ZIP5_uszipcode
164,7446,1241 W 2ND ST,MAYSVILLE,KY,41056,US,41056,38.6,-83.8,Maysville,ZIP5_uszipcode
165,7448,1750 IP Way,ORANGE,TX,77632,US,77632,30.2,-93.8,Orange,ZIP5_uszipcode
166,74SC,598 Plywood Plant Rd,Silverstreet,SC,29145,US,29145,34.22,-81.77,Silverstreet,ZIP5_uszipcode
167,7620,2449 STAGECOACH RD,OGLETHORPE,GA,31068,US,31068,32.3,-84.1,Oglethorpe,ZIP5_uszipcode
168,7621,1785 WEYERHAEUSER RD,NEW BERN,NC,28563,US,28563,,,New Bern,ZIP5_uszipcode
169,7622,4335 CARSON RD,COLUMBUS,MS,39701,US,39701,33.4,-88.5,Columbus,ZIP5_uszipcode
170,7623,1 BONNYBRIDGE RD,PORT WENTWORTH,GA,31407,US,31407,32.18,-81.18,Savannah,ZIP5_uszipcode
171,76AL,1040 FRICTION DR,PRATTVILLE,AL,36067,US,36067,32.5,-86.6,Prattville,ZIP5_uszipcode
172,76LA,2426 BROADWAY AVE,ALEXANDRIA,LA,71302,US,71302,31.2,-92.4,Alexandria,ZIP5_uszipcode
173,76TX,3000 REDBUD BLVD,MCKINNEY,TX,75069,US,75069,33.18,-96.59,Mckinney,ZIP5_uszipcode
174,77GA,1950 HARD CASH RD NW,DEWY ROSE,GA,30634,US,30634,34.2,-82.9,Dewy Rose,ZIP5_uszipcode
175,79GA,Hwy 84N,Offerman,GA,31556,US,31556,31.4,-82.1,Offerman,ZIP5_uszipcode
176,79LA,148 McIntyre Rd,Minden,LA,71055,US,71055,32.7,-93.3,Minden,ZIP5_uszipcode
177,80AL,307 Willow Oaks Dr,Ozark,AL,36360,US,36360,31.5,-85.6,Ozark,ZIP5_uszipcode
178,80GA,2434 NEW SAVANNAH RD,Augusta,GA,30913,US,30913,,,Augusta,ZIP5_uszipcode
179,80LA,5690 Hwy 486,Natchitoches,LA,71411,US,71411,31.9,-93.1,Campti,ZIP5_uszipcode
180,8136,Pensacola Mill Warehouse,Pensacola,FL,,US,,N/A,N/A,N/A,N/A
181,81AL,"Route 3, Box 189A, County Rd 2",Evergreen,AL,36401,US,36401,31.5,-86.9,Evergreen,ZIP5_uszipcode
182,81GA,238 MAYS BRIDGE RD SW,ROME,GA,30165,US,30165,34.3,-85.3,Rome,ZIP5_uszipcode
183,8235,2110 HIGHWAY 509,MANSFIELD,LA,71052,US,71052,32.0,-93.7,Mansfield,ZIP5_uszipcode
184,8279,5845 E. 14th Street,Brownsville,TX,78521,US,78521,26.0,-97.3,Brownsville,ZIP5_uszipcode
185,82AL,1025 Hwy 331S,Opp,AL,36467,US,36467,31.3,-86.3,Opp,ZIP5_uszipcode
186,82GA,1300 N HIGHWAY 16,WHITESBURG,GA,30185,US,30185,33.51,-84.91,Whitesburg,ZIP5_uszipcode
187,82LA,5957 Airport Rd,Bastrop,LA,71220,US,71220,32.8,-91.9,Bastrop,ZIP5_uszipcode
188,8327,2110 Hwy #509 Rt 1 Box 752,Mansfield,LA,71052,US,71052,32.0,-93.7,Mansfield,ZIP5_uszipcode
189,83GA,238 MAYS BRIDGE RD SW,ROME,GA,30165,US,30165,34.3,-85.3,Rome,ZIP5_uszipcode
190,83LA,5957 Airport Rd,Bastrop,LA,71220,US,71220,32.8,-91.9,Bastrop,ZIP5_uszipcode
191,83MS,20 HILLCREST LN,COLUMBIA,MS,39429,US,39429,31.2,-89.8,Columbia,ZIP5_uszipcode
192,83NC,5821 US HIGHWAY 264A W,SIMS,NC,27880,US,27880,35.74,-78.08,Sims,ZIP5_uszipcode
193,84GA,380 MAYS BRIDGE RD SW,ROME,GA,30165,US,30165,34.3,-85.3,Rome,ZIP5_uszipcode
194,84NC,175 MAIN ST,CANTON,NC,28716,US,28716,35.5,-82.8,Canton,ZIP5_uszipcode
195,85GA,1 BONNYBRIDGE RD,PORT WENTWORTH,GA,31407,US,31407,32.18,-81.18,Savannah,ZIP5_uszipcode
196,85MS,20 SAWMILL RD,SANDY HOOK,MS,39478,US,39478,31.1,-89.9,Sandy Hook,ZIP5_uszipcode
197,85NC,635 John L Riegel Road,Riegelwood,NC,28456,US,28456,34.4,-78.3,Riegelwood,ZIP5_uszipcode
198,8657,3400 DEEPWATER TERMINAL RD,RICHMOND,VA,23234,US,23234,37.47,-77.47,Richmond,ZIP5_uszipcode
199,86GA,2449 STAGECOACH RD,OGLETHORPE,GA,31068,US,31068,32.3,-84.1,Oglethorpe,ZIP5_uszipcode
200,87GA,1825 EFFINGHAM HWY,SYLVANIA,GA,30467,US,30467,32.7,-81.6,Sylvania,ZIP5_uszipcode
201,8904,9101 SLACK RD,SHREVEPORT,LA,71106,US,71106,32.39,-93.73,Shreveport,ZIP5_uszipcode
202,89GA,414 MOUNT OLIVE RD,OGLETHORPE,GA,31068,US,31068,32.3,-84.1,Oglethorpe,ZIP5_uszipcode
203,89LA,300 Williams Lake Road,Pineville,LA,71360,US,71360,31.3,-92.4,Pineville,ZIP5_uszipcode
204,90AL,"Route 3, Box 189A, County Rd 2",Evergreen,AL,36401,US,36401,31.5,-86.9,Evergreen,ZIP5_uszipcode
205,90LA,76220 HIGHWAY 51,KENTWOOD,LA,70444,US,70444,30.9,-90.5,Kentwood,ZIP5_uszipcode
206,90MS,2385 Hwy 72,Glen,MS,38846,US,38846,34.85,-88.4,Glen,ZIP5_uszipcode
207,90TX,3641 Ben Dunn Rd,Lufkin,TX,75904,US,75904,31.4,-94.8,Lufkin,ZIP5_uszipcode
208,91AL,1025 Hwy 331S,Opp,AL,36467,US,36467,31.3,-86.3,Opp,ZIP5_uszipcode
209,91LA,401 AVENUE U,BOGALUSA,LA,70427,US,70427,30.8,-89.9,Bogalusa,ZIP5_uszipcode
210,91NC,1785 WEYERHAEUSER RD,VANCEBORO,NC,28586,US,28586,35.3,-77.2,Vanceboro,ZIP5_uszipcode
211,91TX,3641 Ben Dunn Rd,Lufkin,TX,75904,US,75904,31.4,-94.8,Lufkin,ZIP5_uszipcode
212,92AL,2186 Co. Rd 400,Hillsboro,AL,35618,US,35618,34.7,-87.3,Courtland,ZIP5_uszipcode
213,92TX,1750 INLAND RD,ORANGE,TX,77632,US,77632,30.2,-93.8,Orange,ZIP5_uszipcode
214,94AL,2550 Jackson Ferry Rd,Montgomery,AL,36124,US,36124,,,Montgomery,ZIP5_uszipcode
215,94MS,"Hwy 12 E., 015 E. Front Rd",Ackerman,MS,39735,US,39735,33.4,-89.2,Ackerman,ZIP5_uszipcode
216,95AL,307 Willow Oaks Dr,Ozark,AL,36360,US,36360,31.5,-85.6,Ozark,ZIP5_uszipcode
217,95MS,270 South Industrial Parkway,Yazoo City,MS,39194,US,39194,32.8,-90.5,Yazoo City,ZIP5_uszipcode
218,97MS,238 Herring Road,Morton,MS,39117,US,39117,32.4,-89.6,Morton,ZIP5_uszipcode
219,98AL,151 County Road 35,Evergreen,AL,36401,US,36401,31.5,-86.9,Evergreen,ZIP5_uszipcode
220,JP01,1400 S Main St,Leola,AR,72084,US,72084,34.2,-92.6,Leola,ZIP5_uszipcode
221,JP02,2600 S ARKANSAS ST,SPRINGHILL,LA,71075,US,71075,32.98,-93.46,Springhill,ZIP5_uszipcode
