,anyID,address,city,state,zip,country,newzip,ziplat,ziplon,zip_geo_city,zip_status
0,NFLATL,,Atlanta,Georgia,,USA,,N/A,N/A,N/A,N/A
1,NFLBAL,,Baltimore,Maryland,,USA,,N/A,N/A,N/A,N/A
2,NFLNE,,Boston,Massachusetts,,USA,,N/A,N/A,N/A,N/A
3,NFLBUF,,Buffalo,New York,,USA,,N/A,N/A,N/A,N/A
4,NFLCAR,,Charlotte,North Carolina,,USA,,N/A,N/A,N/A,N/A
5,NFLCHI,,Chicago,Illinois,,USA,,N/A,N/A,N/A,N/A
6,eCHI,,Chicago,IL,,USA,,N/A,N/A,N/A,N/A
7,fCHI,,Cicaggo,Illinois,,USA,,N/A,N/A,N/A,N/A
8,gCHI,,Cicaggo,Illinois,,USA,,N/A,N/A,N/A,N/A
9,hCHI,,Chitown,IL,,USA,,N/A,N/A,N/A,N/A
10,iCHI,,WindyCity,IL,,USA,,N/A,N/A,N/A,N/A
11,NFLCIN,,Cincinatti,Ohio,,USA,,N/A,N/A,N/A,N/A
12,NFLCLE,,Cleveland,Ohio,,USA,,N/A,N/A,N/A,N/A
13,NFLDAL,,Dallas,Texas,,USA,,N/A,N/A,N/A,N/A
14,NFLDEN,,Denver,Colorado,,USA,,N/A,N/A,N/A,N/A
15,NFLDET,,Detroit,Michigan,,USA,,N/A,N/A,N/A,N/A
16,NFLIND,,Indianapolis,Indiana,,USA,,N/A,N/A,N/A,N/A
17,NFLJAC,,Jacksonville,Florida,,USA,,N/A,N/A,N/A,N/A
18,NFLKC,,Kansas City,Missouri,,USA,,N/A,N/A,N/A,N/A
19,NFLMIA,,Miami,Florida,,USA,,N/A,N/A,N/A,N/A
20,NFLGB,,Green Bay,Wisconsin,,USA,,N/A,N/A,N/A,N/A
21,NFLMIN,,Minneapolis,Minnessota,,USA,,N/A,N/A,N/A,N/A
22,NFLTEN,,Nashville,Tennessee,,USA,,N/A,N/A,N/A,N/A
23,NFLNO,,New Orleans,Louisiana,,USA,,N/A,N/A,N/A,N/A
24,NFLNYJ,,New York,New York,,USA,,N/A,N/A,N/A,N/A
25,NFLNYG,,New York,New York,,USA,,N/A,N/A,N/A,N/A
26,NFLRAIDERS,,LAS VEGAS,NEVADA,,USA,,N/A,N/A,N/A,N/A
27,NFLPHI,,Philadelphia,Pennsylvania,,USA,,N/A,N/A,N/A,N/A
28,ePHI,,Philly,PA,,USA,,N/A,N/A,N/A,N/A
29,NFLARI,,Phoenix,Arizona,,USA,,N/A,N/A,N/A,N/A
30,NFLPIT,,Pittsburgh,Pennsylvania,,USA,,N/A,N/A,N/A,N/A
31,NFLRAMS,,LOS ANGELES,CALIFORNIA,,USA,,N/A,N/A,N/A,N/A
32,NFLCHARGERS,,ANAHEIM,CALIFORNIA,,USA,,N/A,N/A,N/A,N/A
33,NFLSF,,San Francisco,California,,USA,,N/A,N/A,N/A,N/A
34,NFLSEA,,Seattle,Washington,,USA,,N/A,N/A,N/A,N/A
35,NFLTB,,Tampa,Florida,,USA,,N/A,N/A,N/A,N/A
36,NFLWAS,,Washington,DC,,USA,,N/A,N/A,N/A,N/A
37,NFLHOU,,Houston,Texas,,USA,,N/A,N/A,N/A,N/A
38,7225,4715 NE 24TH AVE,Amarillo,TX,79107,US,79107,35.23,-101.8,Amarillo,79107
39,7168,601 E BALL RD,Anaheim,CA,92805,US,92805,33.83,-117.91,Anaheim,92805
40,0191,1300 RED FOX RD,Arden Hills,MN,55112,US,55112,45.08,-93.19,Saint Paul,55112
41,0512,175 Allied Rd.,Auburn,ME,04210,US,04210,44.1,-70.2,Auburn,04210
42,7186,4160 CAMPUS DR,Aurora,IL,60504,US,60504,41.75,-88.25,Aurora,60504
43,7418,2540 PROSPECT CT,Aurora,IL,60502,US,60502,41.8,-88.26,Aurora,60502
44,7201,1900 8TH ST NE,Austin,MN,55912,US,55912,43.7,-93.0,Austin,55912
45,7214,100 E GLOUCESTER PIKE,Barrington,NJ,08007,US,08007,39.86,-75.05,Barrington,08007
46,0172,100 DICKMAN RD,Bay Minette,AL,36507,US,36507,30.9,-87.7,Bay Minette,36507
47,7221,5500 SW WESTERN AVE,Beaverton,OR,97005,US,97005,45.5,-122.8,Beaverton,97005
48,7188,5300 W 73RD ST,Bedford Park,IL,60638,US,60638,41.78,-87.77,Chicago,60638
49,7401,5991 BANDINI BLVD,Los Angeles,CA,90040,US,90040,33.99,-118.15,Los Angeles,90040
50,7189,3001 OTTO ST,Belleville,IL,62226,US,62226,38.52,-90.0,Belleville,62226
51,7215,370 BENIGNO BLVD,Bellmawr,NJ,08031,US,08031,39.87,-75.09,Bellmawr,08031
52,7391,2605 E BELT LINE RD,Carrollton,TX,75006,US,75006,32.95,-96.89,Carrollton,75006
53,7388,136 E YORK ST,Biglerville,PA,17307,US,17307,39.9,-77.3,Biglerville,17307
54,7430,1240 CONKLIN RD,Conklin,NY,13748,US,13748,42.05,-75.81,Conklin,13748
55,7419,501 Avenue U,Bogalusa,LA,70427,US,70427,30.8,-89.9,Bogalusa,70427
56,7195,5150 NASHVILLE RD,Bowling Green,KY,42101,US,42101,37.0,-86.5,Bowling Green,42101
57,7192,2626 COUNTY ROAD 71,Butler,IN,46721,US,46721,41.4,-84.9,Butler,46721
58,7176,2000 PLEASANT VALLEY RD,Camarillo,CA,93010,US,93010,34.23,-119.06,Camarillo,93010
59,0198,1655 S Interstate 35E,Carrollton,TX,75006,US,75006,32.95,-96.89,Carrollton,75006
60,0162,1350 E 223RD ST,Carson,CA,90745,US,90745,33.83,-118.26,Carson,90745
61,7184,920 SHAVER RD NE,Cedar Rapids,IA,52402,US,52402,42.02,-91.66,Cedar Rapids,52402
62,7210,5419 HOVIS RD,Charlotte,NC,28208,US,28208,35.24,-80.91,Charlotte,28208
63,7224,2401 BLUE SPRINGS RD SE,Cleveland,TN,37311,US,37311,35.1,-84.9,Cleveland,37311
64,7180,4847 CARGO DR,Columbus,GA,31907,US,31907,32.48,-84.87,Columbus,31907
65,7169,19615 S SUSANA RD,Compton,CA,90221,US,90221,33.88,-118.2,Compton,90221
66,0559,730 Enterprise Ave,Conway,AR,72032,US,72032,35.1,-92.4,Conway,72032
67,7399,801 N ENGLEWOOD DR,Crawfordville,IN,47933,US,47933,40.0,-86.9,Crawfordsville,47933
68,0394,151 Ipsco,Decatur,AL,35601,US,35601,34.61,-87.01,Decatur,35601
69,7217,875 PITTSBURGH DR,Delaware,OH,43015,US,43015,40.3,-83.1,Delaware,43015
70,0433,100 E Oakton St,Des Plaines,IL,60018,US,60018,42.0,-87.9,Des Plaines,60018
71,7218,900 US ROUTE 35 W,Eaton,OH,45320,US,45320,39.7,-84.7,Eaton,45320
72,0184,1501 N CLOSNER BLVD,Edinburg,TX,78541,US,78541,26.5,-98.3,Edinburg,78541
73,6960,10 WILSON RD,Eighty Four,PA,15330,US,15330,40.2,-80.1,Eighty Four,15330
74,0140,9301 Billy The Kid St,El Paso,TX,79907,US,79907,31.72,-106.36,El Paso,79907
75,7170,10268 WATERMAN RD,Elk Grove,CA,95624,US,95624,38.4,-121.3,Elk Grove,95624
76,7171,1111 N ANDERSON RD,Exeter,CA,93221,US,93221,36.3,-119.1,Exeter,93221
77,0186,981 S HICKORY ST,Fond du Lac,WI,54935,US,54935,43.78,-88.43,Fond Du Lac,54935
78,0552,5115 Pinetree St,Forest Park,GA,30297,US,30297,33.61,-84.36,Forest Park,30297
79,7164,4215 PLANTERS RD,Fort Smith,AR,72908,US,72908,35.31,-94.41,Fort Smith,72908
80,7403,4500 NEWLON RD,Fort Smith,AR,72904,US,72904,35.41,-94.38,Fort Smith,72904
81,0707,3904 Ferguson Rd,Fort Wayne,IN,46809,US,46809,41.01,-85.21,Fort Wayne,46809
82,7407,2502 W US HIGHWAY 50,Garden City,KS,67846,US,67846,38.0,-100.8,Garden City,67846
83,0174,1480 INTERNATIONAL DR,Georgetown,SC,29440,US,29440,33.4,-79.4,Georgetown,29440
84,7421,6400 Jamieson Way,Gilroy,CA,95020,US,95020,37.0,-121.5,Gilroy,95020
85,7177,4565 INDIANA ST,Golden,CO,80403,US,80403,39.8,-105.3,Golden,80403
86,7226,1200 W. CARRIER PKWY,Grand Prairie,TX,75050,US,75050,32.78,-96.99,Grand Prairie,75050
87,7181,330 HUDSON RD,Griffin,GA,30224,US,30224,33.2,-84.2,Griffin,30224
88,7402,533 FOREST RD,Hazleton,PA,18202,US,18202,41.0,-76.0,Hazleton,18202
89,0409,511 Third St,Houston,MS,38851,US,38851,33.9,-89.0,Houston,38851
90,7207,211 CARRIER BLVD,Richland,MS,39218,US,39218,32.24,-90.16,Richland,39218
91,0321,4343 Clary Blvd.,Kansas City,MO,64130,US,64130,39.03,-94.54,Kansas City,64130
92,0728,204 S Park Rd,Lafayette,LA,70508,US,70508,30.16,-92.03,Lafayette,70508
93,0743,801 Fountain Ave,Lancaster,PA,17601,US,17601,40.1,-76.3,Lancaster,17601
94,6958,21313 HIGHWAY 221 N,Laurens,SC,29360,US,29360,34.5,-82.1,Laurens,29360
95,0312,2575 Palumbo Dr,Lexington,KY,40509,US,40509,37.99,-84.37,Lexington,40509
96,7406,129 ZENKER RD,Lexington,SC,29072,US,29072,34.0,-81.3,Lexington,29072
97,7190,1601 5TH ST,Lincoln,IL,62656,US,62656,40.1,-89.4,Lincoln,62656
98,7182,6792 MARBUT RD,Lithonia,GA,30058,US,30058,33.74,-84.1,Lithonia,30058
99,7196,4400 PROGRESS BLVD,Louisville,KY,40218,US,40218,38.19,-85.66,Louisville,40218
100,7211,820 CATON RD,Lumberton,NC,28360,US,28360,34.7,-79.1,Lumberton,28360
101,7229,3491 MAYFLOWER DR,Lynchburg,VA,24501,US,24501,37.3,-79.2,Lynchburg,24501
102,7208,350 PRESCOTT DR,Magnolia,MS,39652,US,39652,31.1,-90.5,Magnolia,39652
103,7235,2000 S 18TH ST,Manitowoc,WI,54220,US,54220,44.1,-87.7,Manitowoc,54220
104,7435,967 US HIGHWAY 1 S,Manson,NC,27553,US,27553,36.48,-78.31,Manson,27553
105,7422,1600 Cascade Drive,Marion,OH,43302,US,43302,40.6,-83.1,Marion,43302
106,7227,200 N 26TH ST,McAllen,TX,78501,US,78501,26.22,-98.24,Mcallen,78501
107,7383,912 NELBAR ST,Middletown,OH,45042,US,45042,39.5,-84.4,Middletown,45042
108,0183,660 MARIPOSA RD,Modesto,CA,95354,US,95354,37.64,-120.97,Modesto,95354
109,7187,1001 KNELL ST,Montgomery,IL,60538,US,60538,41.72,-88.35,Montgomery,60538
110,0379,5032 S DAVY CROCKETT PKWY,Morristown,TN,37813,US,37813,36.2,-83.3,Morristown,37813
111,7232,13594 WHEELER RD NE,Moses Lake,WA,98837,US,98837,47.2,-119.3,Moses Lake,98837
112,0193,2164 LOCUST GAP HWY,Mt. Carmel,PA,17851,US,17851,40.8,-76.44,Mount Carmel,17851
113,7219,8800 GRANVILLE RD,Mt. Vernon,OH,43050,US,43050,40.4,-82.5,Mount Vernon,43050
114,0168,2220 NW BROAD ST,Murfreesboro,TN,37129,US,37129,35.9,-86.5,Murfreesboro,37129
115,6959,1851 TAMARACK RD,Newark,OH,43055,US,43055,40.1,-82.4,Newark,43055
116,7212,1525 MOUNT OLIVE CHURCH RD,Newton,NC,28658,US,28658,35.6,-81.2,Newton,28658
117,6948,401 NORTHWEST AVE,Northlake,IL,60164,US,60164,41.92,-87.89,Melrose Park,60164
118,7220,4901 WESTPOINT BLVD,Oklahoma City,OK,73179,US,73179,35.42,-97.65,Oklahoma City,73179
119,7209,8301 HACKS CROSS RD,Olive Branch,MS,38654,US,38654,34.9,-89.8,Olive Branch,38654
120,7233,7727 Union Mills Rd. SE,Lacey,WA,98503,US,98503,47.03,-122.8,Lacey,98503
121,7213,7517 F ST,Omaha,NE,68127,US,68127,41.21,-96.05,Omaha,68127
122,7409,5110 JURUPA ST,Ontario,CA,91761,US,91761,34.03,-117.59,Ontario,91761
123,7387,711 E LANCASTER RD,Orlando,FL,32809,US,32809,28.47,-81.39,Orlando,32809
124,7405,2333 WELLS RD,Petersburg,VA,23805,US,23805,37.1,-77.4,Petersburg,23805
125,7166,660 S 83RD AVE,Tolleson,AZ,85353,US,85353,33.42,-112.28,Tolleson,85353
126,7178,2402 POLICE CENTER DR,Plant City,FL,33566,US,33566,27.99,-82.13,Plant City,33566
127,7223,1601 NE 192ND AVE,Portland,OR,97230,US,97230,45.55,-122.5,Portland,97230
128,0167,175 PARK RD,Putnam,CT,06260,US,06260,41.9,-71.87,Putnam,06260
129,0384,2811 Cofer Rd,Richmond,VA,23224,US,23224,37.5,-77.48,Richmond,23224
130,7216,200 BOXART ST,Rochester,NY,14612,US,14612,43.25,-77.67,Rochester,14612
131,7191,2100 23RD AVE,Rockford,IL,61104,US,61104,42.25,-89.08,Rockford,61104
132,0190,3900 International Dr,Russellville,AR,72802,US,72802,35.3,-93.1,Russellville,72802
133,7173,1345 HARKINS RD,Salinas,CA,93901,US,93901,36.66,-121.65,Salinas,93901
134,7424,1111 AT AND T CENTER PKWY,San Antonio,TX,78219,US,78219,29.45,-98.38,San Antonio,78219
135,7174,1000 MUSCAT AVE,Sanger,CA,93657,US,93657,36.8,-119.4,Sanger,93657
136,7400,11211 GREENSTONE AVE,Santa Fe Springs,CA,90670,US,90670,33.93,-118.06,Santa Fe Springs,90670
137,7438,9211 NORWALK BLVD,Santa Fe Springs,CA,90670,US,90670,33.93,-118.06,Santa Fe Springs,90670
138,0425,1201 W Lathrop Ave,Savannah,GA,31415,US,31415,32.08,-81.13,Savannah,31415
139,7228,1485 SILLIMAN ST,Sealy,TX,77474,US,77474,29.8,-96.2,Sealy,77474
140,7394,3900 STATE HIGHWAY 101,Shakapee,MN,55379,US,55379,44.7,-93.5,Shakopee,55379
141,7397,140 SUMMERHILL RD,Spotswood,NJ,08884,US,08884,40.39,-74.39,Spotswood,08884
142,0175,3000 S ARKANSAS ST,Springhill,LA,71075,US,71075,32.98,-93.46,Springhill,71075
143,7206,4725 EASTON RD,St. Joseph,MO,64503,US,64503,39.75,-94.85,Saint Joseph,64503
144,7396,1201 N HIGHWAY DR,St. Louis,MO,63120,US,63120,38.69,-90.25,Saint Louis,63120
145,0192,930 MEACHAM RD,Statesville,NC,28677,US,28677,35.7,-80.9,Statesville,28677
146,0563,3550 Bozzano Rd,Stockton,CA,95215,US,95215,38.0,-121.1,Stockton,95215
147,7386,700 MONDIAL PKWY,Streetsboro,OH,44142,US,44142,41.4,-81.83,Brookpark,44142
148,7179,6706 N 53RD ST,Tampa,FL,33610,US,33610,28.0,-82.38,Tampa,33610
149,7198,1321 3RD ST,Three Rivers,MI,49093,US,49093,42.0,-85.7,Three Rivers,49093
150,7395,400 W VALPICO RD,Tracy,CA,95376,US,95376,37.73,-121.43,Tracy,95376
151,7185,800 W PARKER ST,Waterloo,IA,50703,US,50703,42.6,-92.3,Waterloo,50703
152,7404,5000 OAK ST,Wheat Ridge,CO,80033,US,80033,39.77,-105.1,Wheat Ridge,80033
153,7204,1699 9TH ST,White Bear Lake,MN,55110,US,55110,45.09,-93.0,Saint Paul,55110
154,0178,689 PALMER ST,Wooster,OH,44691,US,44691,40.8,-82.0,Wooster,44691
155,7234,600 W AHTANUM RD,Union Gap,WA,98903,US,98903,46.5,-120.8,Yakima,98903
156,7167,2641 E 24TH ST,Yuma,AZ,85365,US,85365,32.8,-114.5,Yuma,85365
157,0010,568 Shore Airport Rd,TICONDEROGA,NY,12883,US,12883,43.9,-73.5,Ticonderoga,12883
158,0205,601 County Rd 78,SELMA,AL,36703,US,36703,32.5,-86.9,Selma,36703
159,0240,3737 Hwy 3 N,VICKSBURG,MS,39180,US,39180,32.2,-90.9,Vicksburg,39180
160,0259,700 S Kaminski St,GEORGETOWN,SC,29440,US,29440,33.4,-79.4,Georgetown,29440
161,0268,1202 HIGHWAY 509,MANSFIELD,LA,71052,US,71052,32.0,-93.7,Mansfield,71052
162,0618,375 MUSCOGEE RD,CANTONMENT,FL,32533,US,32533,30.62,-87.32,Cantonment,32533
163,0661,865 John L. Riegel Rd,REIGELWOOD,NC,28546,US,28546,34.8,-77.4,Jacksonville,28546
164,0769,4001 Mc Cords Ferry Rd,EASTOVER,SC,29044,US,29044,33.9,-80.7,Eastover,29044
165,0776,34040 UNION CAMP DR,FRANKLIN,VA,23851,US,23851,36.7,-77.0,Franklin,23851
166,0867,100 Jensen Rd,PRATTVILLE,AL,36067,US,36067,32.5,-86.6,Prattville,36067
167,0899,1201 W LATHROP AVE,SAVANNAH,GA,31402,US,31402,,,Savannah,31402
168,7108,4600 C ST SW,CEDAR RAPIDS,IA,52404,US,52404,41.9,-91.7,Cedar Rapids,52404
169,7109,1500 COMMONWEALTH DR,HENDERSON,KY,42420,US,42420,37.8,-87.5,Henderson,42420
170,7110,4537 HIGHWAY 480,CAMPTI,LA,71411,US,71411,31.9,-93.1,Campti,71411
171,7113,890 INTERNATIONAL PAPER LN,VALLIANT,OK,74764,US,74764,34.0,-95.1,Valliant,74764
172,7115,801 42ND ST,SPRINGFIELD,OR,97478,US,97478,44.1,-122.8,Springfield,97478
173,7442,2585 E 200 N,CAYUGA,IN,47928,US,47928,39.94,-87.45,Cayuga,47928
174,7444,238 MAYS BRIDGE RD SW,ROME,GA,30165,US,30165,34.3,-85.3,Rome,30165
175,7445,401 AVENUE U,BOGALUSA,LA,70427,US,70427,30.8,-89.9,Bogalusa,70427
176,7446,1241 W 2ND ST,MAYSVILLE,KY,41056,US,41056,38.6,-83.8,Maysville,41056
177,7448,1750 INLAND RD,ORANGE,TX,77632,US,77632,30.2,-93.8,Orange,77632
178,7619,371 Manufacturers Dr,COLUMBUS,MS,39702,US,39702,33.4,-88.4,Columbus,39702
179,7620,2449 Stagecoach Rd,OGLETHORPE,GA,31068,US,31068,32.3,-84.1,Oglethorpe,31068
180,7621,1785 Weyerhaeuser Road,Vanceboro,NC,28586,US,28586,35.3,-77.2,Vanceboro,28586
181,7622,4335 Carson Rd,COLUMBUS,MS,39701,US,39701,33.4,-88.5,Columbus,39701
182,7623,1 Bonnybridge Rd,PORT WENTWORTH,GA,31407,US,31407,32.18,-81.18,Savannah,31407
183,IPHQ,6400 POPLAR AVENUE,Memphis,TN,38119,US,38119,35.08,-89.84,Memphis,38119
184,9004,,Florence,NJ,08518,US,08518,40.12,-74.81,Florence,08518
185,9005,,LA MIRADA,CA,90638,US,90638,33.9,-118.01,La Mirada,90638
186,9006,1645 Market Dr SE,ATLANTA,GA,30316,US,30316,33.74,-84.34,Atlanta,30316
187,9436,1601 NE 192nd Ave,PORTLAND,OR,97220,US,97220,45.56,-122.55,Portland,97220
188,9439,180 Progress Avenue,SPRINGFIELD,MA,01104,US,01104,42.13,-72.57,Springfield,01104
189,9000,4600 RAILHEAD RD,Dallas,TX,75380,US,75380,,,Dallas,75380
190,9002,2501 165TH ST,Hammond,IN,46320,US,46320,41.61,-87.49,Hammond,46320
191,0519,1145 Union Camp Blvd,Sumter,SC,29154,US,29154,33.9,-80.5,Sumter,29154
192,iptc,6283 Tri-Ridge Blvd,Loveland,OH,45140,US,45140,39.26,-84.24,Loveland,45140
193,7106,7600 HIGHWAY 10 W,Pine Hill,AL,36769,US,36769,32.0,-87.5,Pine Hill,36769
194,RCLT,5419 Hovis Rd,Charlotte,NC,28206,US,28206,35.25,-80.82,Charlotte,28206
195,RNOR,,Norwalk,CA,90650,US,90650,33.91,-118.08,Norwalk,90650
196,ROMA,,Omaha,NE,68112,US,68112,41.4,-95.9,Omaha,68112
197,RSLC,,Salt Lake City,UT,84104,US,84104,40.75,-111.99,Salt Lake City,84104
198,RWIT,,Wichita,KS,67215,US,67215,37.61,-97.42,Wichita,67215
