,AnyID,address,city,state,zip,country,newzip,ziplat,ziplon,zip_geo_city,zip_status
0,1,179 SPANISH POINT DR,BEAUFORT,SC,29902,USA,29902,32.38,-80.7,Beaufort,ZIP5_uszipcode
1,2,274 BIRCH DR,LAUREL BAY,SC,29902,USA,29902,32.38,-80.7,Beaufort,ZIP5_uszipcode
2,3,2026 SE ELLIOTT,PORTLAND,OR,97214-0001,USA,97214,45.51,-122.64,Portland,ZIP5_uszipcode
3,4,2026 SE ELLIOTT,PORTLAND,OR,970,USA,97001,44.9,-120.7,Antelope,ZIP5_uszipcode
4,5,2026 SE ELLIOTT,PORTLAND,OR,97214,USA,97214,45.51,-122.64,Portland,ZIP5_uszipcode
5,6,2026 SE ELLIOTT,PORTLAND,OR,97214-9999,USA,97214,45.51,-122.64,Portland,ZIP5_uszipcode
6,7,466 SAINT NICK DRIVE,MEMPHIS,TN,38117,USA,38117,35.11,-89.9,Memphis,ZIP5_uszipcode
7,8,6400 POPLAR AVENUE,MEMPHIS,TN,38197,USA,38197,,,Memphis,ZIP5_uszipcode
8,9,179 SPANISH POINT DR,BEAUFORT,SC,29902,USA,29902,32.38,-80.7,Beaufort,ZIP5_uszipcode
9,10,179 SPANISH POINT DR,BEAUFORT,SC,29902,USA,29902,32.38,-80.7,Beaufort,ZIP5_uszipcode
10,11,441 BAUCHET ST,LOS ANGELES,CA,90012,USA,90012,34.06,-118.24,Los Angeles,ZIP5_uszipcode
11,12,1711 W TEMPLE ST,LOS ANGELES,CA,90026,USA,90026,34.08,-118.26,Los Angeles,ZIP5_uszipcode
12,13,1450 SAN PABLO ST,LOS ANGELES,CA,90033,USA,90033,34.05,-118.21,Los Angeles,ZIP5_uszipcode
13,14,443 So. Soto St,Los Angeles,CA,90033,USA,90033,34.05,-118.21,Los Angeles,ZIP5_uszipcode
14,15,1233 N LA BREA AVE,LOS ANGELES,CA,90036,USA,90036,34.07,-118.35,Los Angeles,ZIP5_uszipcode
15,16,1600 Pennsylvania Ave.,Washington,DC,20500,USA,20500,,,Washington,ZIP5_uszipcode
16,17,11 Wall Street,New York,NY,10005,USA,10005,40.705,-74.005,New York,ZIP5_uszipcode
17,18,350 Fifth Avenue,New York,NY,10065,USA,10065,40.765,-73.965,New York,ZIP5_uszipcode
18,19,4059 Mt Lee Dr.,Hollywood,CA,90068,USA,90068,34.13,-118.33,Los Angeles,ZIP5_uszipcode
19,20,Statue of Liberty,New York,NY,10004,USA,10004,40.7,-74.02,New York,ZIP5_uszipcode
20,21,4900 POPLAR AVENUE,MEMPHIS,TN,38117,USA,38117,35.11,-89.9,Memphis,ZIP5_uszipcode
21,22,126 BEALE ST.,MEMPHIS,TN,38103,USA,38103,35.17,-90.07,Memphis,ZIP5_uszipcode
22,23,126 BEALE ST.,MEMPHIS,Tenn.,38103,USA,38103,35.17,-90.07,Memphis,ZIP5_uszipcode
23,24,Graceland  P.O. Box 16508,Memphis,TN,38186-0508,USA,38186,,,Memphis,ZIP5_uszipcode
24,25,7000 Coliseum Way,Oakland,California,94621,USA,94621,37.74,-122.21,Oakland,ZIP5_uszipcode
25,26,274 BIRCH DR,LAUREL BAY,SC,29902,USA,29902,32.38,-80.7,Beaufort,ZIP5_uszipcode
26,27,ELDERBERRY LANE,LAUREL BAY,SC,29902,USA,29902,32.38,-80.7,Beaufort,ZIP5_uszipcode
27,28,,PHILLY,,,USA,,N/A,N/A,N/A,N/A
28,29,,PHILABELPHIS,,,USA,,N/A,N/A,N/A,N/A
29,30,,PHILADELPHIA,,19140,USA,19140,40.01,-75.15,Philadelphia,ZIP5_uszipcode
30,31,,ILLADELPH,PA,,USA,,N/A,N/A,N/A,N/A
31,32,520 Chestnut St,PHILADELPHIA,PA,19106,USA,19106,39.95,-75.15,Philadelphia,ZIP5_uszipcode
32,33,,CICAGO,IL,60647,USA,60647,41.92,-87.7,Chicago,ZIP5_uszipcode
33,34,,CICAGO,IL,60647,USA,60647,41.92,-87.7,Chicago,ZIP5_uszipcode
34,35,,CICAGO,ILLINOIS,60647,USA,60647,41.92,-87.7,Chicago,ZIP5_uszipcode
35,36,466 SAINT NICK DRIVE,MEMPHIS,TN,38117,USA,38117,35.11,-89.9,Memphis,ZIP5_uszipcode
36,37,456 SAINT NICK DRIVE,MEMPHIS,TN,38117,USA,38117,35.11,-89.9,Memphis,ZIP5_uszipcode
37,38,465 SAINT NICK DRIVE,MEMPHIS,TN,38117,USA,38117,35.11,-89.9,Memphis,ZIP5_uszipcode
38,39,,CICAGO,IL,,USA,,N/A,N/A,N/A,N/A
39,40,,ALBEKERKY,NM,,USA,,N/A,N/A,N/A,N/A
40,41,IP010 0010 INTERNATIONAL PAPER,TICONDEROGA,NY,12883,USA,12883,43.9,-73.5,Ticonderoga,ZIP5_uszipcode
41,42,IP039 0039 INTERNATIONAL PAPER,ONTARIO,CA,91761,USA,91761,34.03,-117.59,Ontario,ZIP5_uszipcode
42,43,IP066 USCB - CHICAGO,CHICAGO,IL,60638,USA,60638,41.78,-87.77,Chicago,ZIP5_uszipcode
43,44,IP085 0085 INTERNATIONAL PAPER,TERRE HAUTE,IN,47802,USA,47802,39.4,-87.4,Terre Haute,ZIP5_uszipcode
44,45,IP137 USCB - Shreveport,SHREVEPORT,LA,71107,USA,71107,32.6,-93.9,Shreveport,ZIP5_uszipcode
45,46,IP140 USCB - EL PASO,EL PASO,TX,79907,USA,79907,31.72,-106.36,El Paso,ZIP5_uszipcode
46,47,IP162 USCB - CARSON,CARSON,CA,90745,USA,90745,33.83,-118.26,Carson,ZIP5_uszipcode
47,48,IP167 USCB - PUTNAM,PUTNAM,CT,06260,USA,06260,41.9,-71.87,Putnam,ZIP5_uszipcode
48,49,IP168 USCB - MURFREESBORO,MURFREESBORO,TN,37129,USA,37129,35.9,-86.5,Murfreesboro,ZIP5_uszipcode
49,50,IP172 USCB - BAY MINETTE,BAY MINETTE,AL,36507,USA,36507,30.9,-87.7,Bay Minette,ZIP5_uszipcode
50,51,IP174 USCB - GEORGETOWN,GEORGETOWN,SC,29440,USA,29440,33.4,-79.4,Georgetown,ZIP5_uszipcode
51,52,IP175 USCB - SPRINGHILL,SPRINGHILL,LA,71075,USA,71075,32.98,-93.46,Springhill,ZIP5_uszipcode
52,53,IP178 USCB - WOOSTER,WOOSTER,OH,44691,USA,44691,40.8,-82.0,Wooster,ZIP5_uszipcode
53,54,IP180 USCB - GENEVA,GENEVA,NY,14456,USA,14456,42.9,-77.0,Geneva,ZIP5_uszipcode
54,55,IP181 USCB - HOWELL,HOWELL,MI,48843,USA,48843,42.6,-83.9,Howell,ZIP5_uszipcode
55,56,IP183 USCB - MODESTO EAST,MODESTO,CA,95354,USA,95354,37.64,-120.97,Modesto,ZIP5_uszipcode
56,57,IP184 USCB - EDINBURG,EDINBURG,TX,78541,USA,78541,26.5,-98.3,Edinburg,ZIP5_uszipcode
57,58,IP185 USCB - AUBURNDALE,AUBURNDALE,FL,33823,USA,33823,28.09,-81.81,Auburndale,ZIP5_uszipcode
58,59,IP186 USCB - FOND DU LAC,FOND DU LAC,WI,54935,USA,54935,43.78,-88.43,Fond Du Lac,ZIP5_uszipcode
59,60,IP187 USCB - MASON (CINCINNATI),MASON,OH,45040,USA,45040,39.35,-84.3,Mason,ZIP5_uszipcode
60,61,IP190 USCB - RUSSELLVILLE,RUSSELLVILLE,AR,72802,USA,72802,35.3,-93.1,Russellville,ZIP5_uszipcode
61,62,IP191 USCB - ARDEN HILLS,SAINT PAUL,MN,55112,USA,55112,45.08,-93.19,Saint Paul,ZIP5_uszipcode
62,63,IP192 USCB - STATESVILLE,STATESVILLE,NC,28677,USA,28677,35.7,-80.9,Statesville,ZIP5_uszipcode
63,64,IP193 USCB - MT CARMEL,MOUNT CARMEL,PA,17851,USA,17851,40.8,-76.44,Mount Carmel,ZIP5_uszipcode
64,65,IP198 USCB - CARROLLTON,CARROLLTON,TX,75006,USA,75006,32.95,-96.89,Carrollton,ZIP5_uszipcode
65,66,IP205 0205 INTERNATIONAL PAPER,SELMA,AL,36703,USA,36703,32.5,-86.9,Selma,ZIP5_uszipcode
66,67,IP240 0240 INTERNATIONAL PAPER,REDWOOD,MS,39156,USA,39156,32.5,-90.8,Redwood,ZIP5_uszipcode
67,68,IP241 0241 INTERNATIONAL PAPER,QUEEN CITY,TX,75572,USA,75572,33.2,-94.1,Queen City,ZIP5_uszipcode
68,69,IP259 0259 INTERNATIONAL PAPER,GEORGETOWN,SC,29440,USA,29440,33.4,-79.4,Georgetown,ZIP5_uszipcode
69,70,IP267 0267 INTERNATIONAL PAPER,SPRINGHILL,LA,71075,USA,71075,32.98,-93.46,Springhill,ZIP5_uszipcode
70,71,IP268 0268 INTERNATIONAL PAPER,MANSFIELD,LA,71052,USA,71052,32.0,-93.7,Mansfield,ZIP5_uszipcode
71,72,IP269 0269 INTERNATIONAL PAPER,PINEVILLE,LA,71361,USA,71361,,,Pineville,ZIP5_uszipcode
72,73,IP273 0273 INTERNATIONAL PAPER,WILMINGTON,OH,45177,USA,45177,39.5,-83.8,Wilmington,ZIP5_uszipcode
73,74,IP312 USCB - LEXINGTON,LEXINGTON,KY,40509,USA,40509,37.99,-84.37,Lexington,ZIP5_uszipcode
74,75,"IP321 USCB - KANSAS CITY, MO",KANSAS CITY,MO,64130,USA,64130,39.03,-94.54,Kansas City,ZIP5_uszipcode
75,76,IP328 USCB - CEDARBURG,CEDARBURG,WI,53012,USA,53012,43.31,-88.03,Cedarburg,ZIP5_uszipcode
76,77,IP365 USCB - JONESBORO,JONESBORO,AR,72401,USA,72401,35.9,-90.6,Jonesboro,ZIP5_uszipcode
77,78,IP379 USCB - MORRISTOWN,MORRISTOWN,TN,37813,USA,37813,36.2,-83.3,Morristown,ZIP5_uszipcode
78,79,IP384 USCB - RICHMOND,RICHMOND,VA,23234,USA,23234,37.47,-77.47,Richmond,ZIP5_uszipcode
79,80,IP394 USCB - DECATUR,DECATUR,AL,35601,USA,35601,34.61,-87.01,Decatur,ZIP5_uszipcode
80,81,IP4,TOPEKA,,98277,USA,98277,48.3,-122.7,Oak Harbor,ZIP5_uszipcode
81,82,IP402 0402 INTERNATIONAL PAPER,MEMPHIS,TN,38197,USA,38197,,,Memphis,ZIP5_uszipcode
82,83,IP407 USCB - SAN ANTONIO,SAN ANTONIO,TX,78219,USA,78219,29.45,-98.38,San Antonio,ZIP5_uszipcode
83,84,IP409 USCB - HOUSTON,HOUSTON,MS,38851,USA,38851,33.9,-89.0,Houston,ZIP5_uszipcode
84,85,IP410 USCB - HANFORD,HANFORD,CA,93230,USA,93230,36.3,-119.6,Hanford,ZIP5_uszipcode
85,86,IP425 USCB - SAVANNAH,SAVANNAH,GA,31415,USA,31415,32.08,-81.13,Savannah,ZIP5_uszipcode
86,87,IP433 USCB - DES PLAINES,DES PLAINES,IL,60018,USA,60018,42.0,-87.9,Des Plaines,ZIP5_uszipcode
87,88,IP437 0437 ARIZONA CHEMIC*DO NOT USE*,PANAMA CITY,FL,32401,USA,32401,30.16,-85.67,Panama City,ZIP5_uszipcode
88,89,IP462 0462 INTERNATIONAL PAPER,HAMLET,NC,28345,USA,28345,34.9,-79.7,Hamlet,ZIP5_uszipcode
89,90,IP5,JAPAN,,98277,USA,98277,48.3,-122.7,Oak Harbor,ZIP5_uszipcode
90,92,IP512 USCB - AUBURN,AUBURN,ME,04210,USA,04210,44.1,-70.2,Auburn,ZIP5_uszipcode
91,93,IP519 0519 INTERNATIONAL PAPER,SUMTER,SC,29154,USA,29154,33.9,-80.5,Sumter,ZIP5_uszipcode
92,94,IP520 0520 INTERNATIONAL PAPER,FRANKLIN,VA,23851,USA,23851,36.7,-77.0,Franklin,ZIP5_uszipcode
93,95,IP525 0525 INTERNATIONAL PAPER,PROSPERITY,SC,29127,USA,29127,34.2,-81.5,Prosperity,ZIP5_uszipcode
94,96,IP526 0526 INTERNATIONAL PAPER,STURGIS,MI,49091,USA,49091,41.8,-85.4,Sturgis,ZIP5_uszipcode
95,97,IP528 0528 INTERNATIONAL PAPER,WEST HAZLETON,PA,18202,USA,18202,41.0,-76.0,Hazleton,ZIP5_uszipcode
96,98,IP531 USCB - SPARTANBURG,WELLFORD,SC,29385,USA,29385,34.97,-82.1,Wellford,ZIP5_uszipcode
97,99,IP552 USCB - FOREST PARK,FOREST PARK,GA,30297,USA,30297,33.61,-84.36,Forest Park,ZIP5_uszipcode
98,100,IP559 USCB - CONWAY GRAPHICS,CONWAY,AR,72032,USA,72032,35.1,-92.4,Conway,ZIP5_uszipcode
99,101,IP560 0560 INTERNATIONAL PAPER,FORT WORTH,TX,76107,USA,76107,32.74,-97.38,Fort Worth,ZIP5_uszipcode
100,102,IP563 USCB - STOCKTON,STOCKTON,CA,95215,USA,95215,38.0,-121.1,Stockton,ZIP5_uszipcode
101,103,IP593 0593 INTERNATIONAL PAPER,WEST DEPTFORD,NJ,08086,USA,08086,39.86,-75.18,Thorofare,ZIP5_uszipcode
102,104,IP6044 6044 ARIZONA CHEMIC*DO NOT USE*,SAVANNAH,GA,31415,USA,31415,32.08,-81.13,Savannah,ZIP5_uszipcode
103,105,IP609 0609 INTERNATIONAL PA*DO NOT USE*,ROANOKE RAPIDS,NC,27870,USA,27870,36.43,-77.71,Roanoke Rapids,ZIP5_uszipcode
104,106,IP612 DO NOT USE,BRISTOL,PA,19007,USA,19007,40.12,-74.85,Bristol,ZIP5_uszipcode
105,107,IP614 0614 INTERNATIONAL PAPER,MEMPHIS,TN,38141,USA,38141,35.01,-89.85,Memphis,ZIP5_uszipcode
106,108,IP618 0618 INTERNATIONAL PAPER,CANTONMENT,FL,32533,USA,32533,30.62,-87.32,Cantonment,ZIP5_uszipcode
107,109,IP623 0623 INTERNATIONAL*DO NOT USE*,DALLAS,TX,75212,USA,75212,32.78,-96.87,Dallas,ZIP5_uszipcode
108,110,IP627 0627 INTERNATIONAL PAPER,COURTLAND,AL,35618,USA,35618,34.7,-87.3,Courtland,ZIP5_uszipcode
109,111,IP641 USCB - SOLON,SOLON,OH,44139,USA,44139,41.39,-81.44,Solon,ZIP5_uszipcode
110,112,IP652 0652 INTERNATIONAL PA*DO NOT USE*,FORDYCE,AR,71742,USA,71742,33.8,-92.5,Fordyce,ZIP5_uszipcode
111,113,IP660 0660 INTERNATIONAL PAPER,AUGUSTA,GA,30906,USA,30906,33.3,-82.0,Augusta,ZIP5_uszipcode
112,114,IP661 0661 INTERNATIONAL PAPER,RIEGELWOOD,NC,28456,USA,28456,34.4,-78.3,Riegelwood,ZIP5_uszipcode
113,115,IP6767 6767 INTERNATIONAL PAPER,CINCINNATI,OH,45241,USA,45241,39.27,-84.4,Cincinnati,ZIP5_uszipcode
114,116,IP6768 6768 INTERNATIONAL PAPER,ROCKLIN,CA,95765,USA,95765,38.83,-121.29,Rocklin,ZIP5_uszipcode
115,117,IP6773 6773 INTERNATIONAL PAPER,VALDOSTA,GA,31603,USA,31603,,,Valdosta,ZIP5_uszipcode
116,118,IP6808 6808 INTERNATIONAL PAPER,FREEPORT,TX,77541,USA,77541,29.0,-95.3,Freeport,ZIP5_uszipcode
117,119,IP6926 6926 INTERNATIONAL PAPER,CRUM LYNNE,PA,19022,USA,19022,39.86,-75.33,Crum Lynne,ZIP5_uszipcode
118,120,IP6927 6927 INTERNATIONAL PAPER,NEW HAVEN,IN,46774,USA,46774,41.1,-85.0,New Haven,ZIP5_uszipcode
119,121,IP6931 6931 INTERNATIONAL PAPER,CHICAGO,IL,60638,USA,60638,41.78,-87.77,Chicago,ZIP5_uszipcode
120,122,IP6932 6932 INTERNATIONAL PAPER,MONROE,LA,71201,USA,71201,32.53,-92.11,Monroe,ZIP5_uszipcode
121,123,IP6939 9425 INTERNATIONAL PAPER,GULFPORT,MS,39501,USA,39501,30.39,-89.07,Gulfport,ZIP5_uszipcode
122,124,IP6940 9422 INTERNATIONAL PAPER,GULFPORT,MS,39502,USA,39502,,,Gulfport,ZIP5_uszipcode
123,125,IP6945 6945 INTERNATIONAL PAPER,BALTIMORE,MD,21230,USA,21230,39.26,-76.62,Baltimore,ZIP5_uszipcode
124,126,IP6946 USCB - LAKE WALES,LAKE WALES,FL,33859,USA,33859,27.9,-81.6,Lake Wales,ZIP5_uszipcode
125,127,IP6947 USCB - HARTFORD CITY,HARTFORD CITY,IN,47348,USA,47348,40.5,-85.3,Hartford City,ZIP5_uszipcode
126,128,IP6948 USCB - NORTHLAKE,NORTHLAKE,IL,60164,USA,60164,41.92,-87.89,Melrose Park,ZIP5_uszipcode
127,129,IP6953 6953 INTERNATIONAL PAPER,SHARPSBURG,PA,15215,USA,15215,40.51,-79.91,Pittsburgh,ZIP5_uszipcode
128,130,IP6955 6955 INTERNATIONAL*DO NOT USE*,LOUISVILLE,KY,40218,USA,40218,38.19,-85.66,Louisville,ZIP5_uszipcode
129,131,IP6956 USCB - CHESAPEAKE,CHESAPEAKE,VA,23323,USA,23323,36.7,-76.4,Chesapeake,ZIP5_uszipcode
130,132,IP6957 6957 INTERNATIONAL PAPER*DO NOT USE,MEMPHIS,TN,38109,USA,38109,35.1,-90.2,Memphis,ZIP5_uszipcode
131,133,IP6958 USCB - LAURENS,LAURENS,SC,29360,USA,29360,34.5,-82.1,Laurens,ZIP5_uszipcode
132,134,IP6959 USCB - NEWARK,NEWARK,OH,43055,USA,43055,40.1,-82.4,Newark,ZIP5_uszipcode
133,135,IP6960 USCB - EIGHTY FOUR,EIGHTY FOUR,PA,15330,USA,15330,40.2,-80.1,Eighty Four,ZIP5_uszipcode
134,136,IP6961 6961 INTERNATIONAL PAPER,KANSAS CITY,MO,64116,USA,64116,39.15,-94.57,Kansas City,ZIP5_uszipcode
135,137,IP6966 USCB - VERNON,LOS ANGELES,CA,90040,USA,90040,33.99,-118.15,Los Angeles,ZIP5_uszipcode
136,138,IP6968 6968 ROLLSTOCK T CO,MEMPHIS,TN,38118,USA,38118,35.04,-89.93,Memphis,ZIP5_uszipcode
137,139,IP6970 USCB - STOCKBRIDGE,STOCKBRIDGE,GA,30281,USA,30281,33.6,-84.2,Stockbridge,ZIP5_uszipcode
138,140,IP6972 6972 INTERNATIONAL PAPER,FORT MADISON,IA,52627,USA,52627,40.6,-91.4,Fort Madison,ZIP5_uszipcode
139,141,IP7034 9430 INTERNATIONAL PAPER,LAKEVILLE,MN,55044,USA,55044,44.6,-93.3,Lakeville,ZIP5_uszipcode
140,142,IP7035 9431 INTERNATIONAL PAPER,FOND DU LAC,WI,54937,USA,54937,43.8,-88.4,Fond Du Lac,ZIP5_uszipcode
141,143,IP7036 7036 INTERNATIONAL PAPER,CULLMAN,AL,35055,USA,35055,34.2,-86.7,Cullman,ZIP5_uszipcode
142,144,IP7040 7040 INTERNATIONAL PAPER,SANTA FE SPRINGS,CA,90670,USA,90670,33.93,-118.06,Santa Fe Springs,ZIP5_uszipcode
143,145,IP7041 7041 INTERNATIONAL PAPER,DENVER,CO,80239,USA,80239,39.78,-104.84,Denver,ZIP5_uszipcode
144,146,IP7042 7042 INTERNATIONAL PAPER,SAN LORENZO,CA,94580,USA,94580,37.68,-122.14,San Lorenzo,ZIP5_uszipcode
145,147,IP707 USCB - FT WAYNE,FORT WAYNE,IN,46809,USA,46809,41.01,-85.21,Fort Wayne,ZIP5_uszipcode
146,148,IP7089 7089 IPAD INC,NATIONAL CITY,CA,91950,USA,91950,32.67,-117.09,National City,ZIP5_uszipcode
147,149,IP7091 7091 INTERNATIONAL PAPER,GREENSBORO,NC,27407,USA,27407,36.01,-79.87,Greensboro,ZIP5_uszipcode
148,150,IP7101 7101 INTERNATIONAL PAPER,FEDERAL WAY,WA,98001,USA,98001,47.31,-122.27,Auburn,ZIP5_uszipcode
149,151,IP7106 7106 INTERNATIONAL PAPER,PINE HILL,AL,36769,USA,36769,32.0,-87.5,Pine Hill,ZIP5_uszipcode
150,152,IP7107 7107 INTERNATIONAL PAPER,OXNARD,CA,93033,USA,93033,34.15,-119.14,Oxnard,ZIP5_uszipcode
151,153,IP7108 7108 INTERNATIONAL PAPER,CEDAR RAPIDS,IA,52404,USA,52404,41.9,-91.7,Cedar Rapids,ZIP5_uszipcode
152,154,IP7109 7109 INTERNATIONAL PAPER,HENDERSON,KY,42420,USA,42420,37.8,-87.5,Henderson,ZIP5_uszipcode
153,155,IP7110 7110 INTERNATIONAL PAPER,CAMPTI,LA,71411,USA,71411,31.9,-93.1,Campti,ZIP5_uszipcode
154,156,IP7113 7113 INTERNATIONAL PAPER,VALLIANT,OK,74764,USA,74764,34.0,-95.1,Valliant,ZIP5_uszipcode
155,157,IP7114 7114 INTERNATIONAL PAPER,ALBANY,OR,97321,USA,97321,44.6,-123.2,Albany,ZIP5_uszipcode
156,158,IP7115 7115 INTERNATIONAL PAPER,SPRINGFIELD,OR,97478,USA,97478,44.1,-122.8,Springfield,ZIP5_uszipcode
157,159,IP7118 7118 INTERNATIONAL PAPER,PHOENIX,AZ,85034,USA,85034,33.43,-112.01,Phoenix,ZIP5_uszipcode
158,160,IP7119 7119 INTERNATIONAL PAPER,FREMONT,CA,94538,USA,94538,37.51,-121.99,Fremont,ZIP5_uszipcode
159,161,IP7120 7120 INTERNATIONAL PAPER,NORWALK,CA,90650,USA,90650,33.91,-118.08,Norwalk,ZIP5_uszipcode
160,162,IP7121 7121 INTERNATIONAL PAPER,W SACRAMENTO,CA,95691,USA,95691,38.6,-121.6,West Sacramento,ZIP5_uszipcode
161,163,IP7122 7122 INTERNATIONAL PAPER,DENVER,CO,80216,USA,80216,39.79,-104.95,Denver,ZIP5_uszipcode
162,164,IP7123 7123 INTERNATIONAL PAPER,DES MOINES,IA,50316,USA,50316,41.61,-93.6,Des Moines,ZIP5_uszipcode
163,165,IP7124 7124 INTERNATIONAL PAPER,ITASCA,IL,60143,USA,60143,41.97,-88.02,Itasca,ZIP5_uszipcode
164,166,IP7125 7125 INTERNATIONAL PAPER,TERRE HAUTE,IN,47803,USA,47803,39.47,-87.31,Terre Haute,ZIP5_uszipcode
165,167,IP7126 7126 INTERNATIONAL PAPER,WICHITA,KS,67215,USA,67215,37.61,-97.42,Wichita,ZIP5_uszipcode
166,168,IP7127 7127 INTERNATIONAL PAPER,WICHITA,KS,67215,USA,67215,37.61,-97.42,Wichita,ZIP5_uszipcode
167,169,IP7128 7128 INTERNATIONAL PAPER,BALTIMORE,MD,21227,USA,21227,39.24,-76.67,Halethorpe,ZIP5_uszipcode
168,170,IP7129 7129 INTERNATIONAL PAPER,NEW BRIGHTON,MN,55112,USA,55112,45.08,-93.19,Saint Paul,ZIP5_uszipcode
169,171,IP7131 7131 INTERNATIONAL PAPER,CHARLOTTE,NC,28206,USA,28206,35.25,-80.82,Charlotte,ZIP5_uszipcode
170,172,IP7132 7132 INTERNATIONAL PAPER,CHARLOTTE,NC,28206,USA,28206,35.25,-80.82,Charlotte,ZIP5_uszipcode
171,173,IP7133 7133 INTERNATIONAL PAPER,OMAHA,NE,68112,USA,68112,41.4,-95.9,Omaha,ZIP5_uszipcode
172,174,IP7134 7134 INTERNATIONAL PAPER,BEAVERTON,OR,97005,USA,97005,45.5,-122.8,Beaverton,ZIP5_uszipcode
173,175,IP7135 7135 INTERNATIONAL PAPER,BEAVERTON,OR,97005,USA,97005,45.5,-122.8,Beaverton,ZIP5_uszipcode
174,176,IP7136 7136 INTERNATIONAL PAPER,EUGENE,OR,97403,USA,97403,44.03,-123.03,Eugene,ZIP5_uszipcode
175,177,IP7137 7137 INTERNATIONAL PAPER,MEMPHIS,TN,38109,USA,38109,35.1,-90.2,Memphis,ZIP5_uszipcode
176,178,IP7138 7138 INTERNATIONAL PAPER,CARROLLTON,TX,75006,USA,75006,32.95,-96.89,Carrollton,ZIP5_uszipcode
177,179,IP7139 7139 INTERNATIONAL PAPER,CARROLLTON,TX,75006,USA,75006,32.95,-96.89,Carrollton,ZIP5_uszipcode
178,180,IP7140 7140 INTERNATIONAL PAPER,SALT LAKE CITY,UT,84104,USA,84104,40.75,-111.99,Salt Lake City,ZIP5_uszipcode
179,181,IP7141 7141 INTERNATIONAL PAPER,RICHMOND,VA,23224,USA,23224,37.5,-77.48,Richmond,ZIP5_uszipcode
180,182,IP7143 7143 INTERNATIONAL PAPER,FEDERAL WAY,WA,98001,USA,98001,47.31,-122.27,Auburn,ZIP5_uszipcode
181,183,IP7144 7144 INTERNATIONAL PAPER,KENT,WA,98032,USA,98032,47.4,-122.26,Kent,ZIP5_uszipcode
182,184,IP7145 7145 INTERNATIONAL PAPER,FEDERAL WAY,WA,98001,USA,98001,47.31,-122.27,Auburn,ZIP5_uszipcode
183,185,IP7146 7146 INTERNATIONAL PAPER,FEDERAL WAY,WA,98001,USA,98001,47.31,-122.27,Auburn,ZIP5_uszipcode
184,186,IP7147 7147 INTERNATIONAL PAPER,FEDERAL WAY,WA,98001,USA,98001,47.31,-122.27,Auburn,ZIP5_uszipcode
185,187,IP7148 7148 INTERNATIONAL PAPER,FEDERAL WAY,WA,98001,USA,98001,47.31,-122.27,Auburn,ZIP5_uszipcode
186,188,IP7149 7149 INTERNATIONAL PAPER,FEDERAL WAY,WA,98001,USA,98001,47.31,-122.27,Auburn,ZIP5_uszipcode
187,189,IP7150 7150 INTERNATIONAL PAPER,FEDERAL WAY,WA,98001,USA,98001,47.31,-122.27,Auburn,ZIP5_uszipcode
188,190,IP7151 USCB - BUENA PARK BAG,BUENA PARK,CA,90620,USA,90620,33.84,-118.01,Buena Park,ZIP5_uszipcode
189,191,IP7152 USCB - CHARLOTTE BAG,CHARLOTTE,NC,28273,USA,28273,35.12,-80.93,Charlotte,ZIP5_uszipcode
190,192,IP7153 USCB - BEAVERTON BAG,BEAVERTON,OR,97005,USA,97005,45.5,-122.8,Beaverton,ZIP5_uszipcode
191,193,IP7154 USCB -GRAND PRAIRIE BAG,GRAND PRAIRIE,TX,75050,USA,75050,32.78,-96.99,Grand Prairie,ZIP5_uszipcode
192,194,IP7155 7155 INTERNATIONAL PAPER,DELAWARE,OH,43015,USA,43015,40.3,-83.1,Delaware,ZIP5_uszipcode
193,195,IP7156 7156 INTERNATIONAL PAPER,BEAVERTON,OR,97005,USA,97005,45.5,-122.8,Beaverton,ZIP5_uszipcode
194,196,IP7163 USCB - HUNTSVILLE,HUNTSVILLE,AL,35824,USA,35824,34.65,-86.72,Huntsville,ZIP5_uszipcode
195,197,IP7164 USCB - FORT SMITH,FORT SMITH,AR,72908,USA,72908,35.31,-94.41,Fort Smith,ZIP5_uszipcode
196,198,IP7165 USCB - RUSSELLVILLE SF,RUSSELLVILLE,AR,72802,USA,72802,35.3,-93.1,Russellville,ZIP5_uszipcode
197,199,IP7166 USCB - PHOENIX,TOLLESON,AZ,85353,USA,85353,33.42,-112.28,Tolleson,ZIP5_uszipcode
198,200,IP7167 USCB - YUMA,YUMA,AZ,85365,USA,85365,32.8,-114.5,Yuma,ZIP5_uszipcode
199,201,IP7168 USCB - ANAHEIM,ANAHEIM,CA,92805,USA,92805,33.83,-117.91,Anaheim,ZIP5_uszipcode
200,202,IP7169 USCB - COMPTON,COMPTON,CA,90221,USA,90221,33.88,-118.2,Compton,ZIP5_uszipcode
201,203,IP7170 USCB - ELK GROVE,ELK GROVE,CA,95624,USA,95624,38.4,-121.3,Elk Grove,ZIP5_uszipcode
202,204,IP7171 USCB - EXETER,EXETER,CA,93221,USA,93221,36.3,-119.1,Exeter,ZIP5_uszipcode
203,205,IP7172 USCB - MODESTO WEST,MODESTO,CA,95354,USA,95354,37.64,-120.97,Modesto,ZIP5_uszipcode
204,206,IP7173 USCB - SALINAS,SALINAS,CA,93901,USA,93901,36.66,-121.65,Salinas,ZIP5_uszipcode
205,207,IP7174 USCB - SANGER,SANGER,CA,93657,USA,93657,36.8,-119.4,Sanger,ZIP5_uszipcode
206,208,IP7175 USCB - SANTA PAULA,SANTA PAULA,CA,93060,USA,93060,34.4,-119.1,Santa Paula,ZIP5_uszipcode
207,209,IP7176 USCB - CAMARILLO,CAMARILLO,CA,93010,USA,93010,34.23,-119.06,Camarillo,ZIP5_uszipcode
208,210,IP7177 USCB - GOLDEN,GOLDEN,CO,80403,USA,80403,39.8,-105.3,Golden,ZIP5_uszipcode
209,211,IP7178 USCB - PLANT CITY,PLANT CITY,FL,33566,USA,33566,27.99,-82.13,Plant City,ZIP5_uszipcode
210,212,IP7179 USCB - TAMPA,TAMPA,FL,33610,USA,33610,28.0,-82.38,Tampa,ZIP5_uszipcode
211,213,IP7180 USCB - COLUMBUS,COLUMBUS,GA,31907,USA,31907,32.48,-84.87,Columbus,ZIP5_uszipcode
212,214,IP7181 USCB - GRIFFIN,GRIFFIN,GA,30224,USA,30224,33.2,-84.2,Griffin,ZIP5_uszipcode
213,215,IP7182 USCB - LITHONIA,LITHONIA,GA,30058,USA,30058,33.74,-84.1,Lithonia,ZIP5_uszipcode
214,216,IP7183 7183 INTERNATIONAL PAPER,TUCKER,GA,30084,USA,30084,33.86,-84.21,Tucker,ZIP5_uszipcode
215,217,IP7184 USCB - CEDAR RAPIDS,CEDAR RAPIDS,IA,52402,USA,52402,42.02,-91.66,Cedar Rapids,ZIP5_uszipcode
216,218,IP7185 USCB - WATERLOO,WATERLOO,IA,50703,USA,50703,42.6,-92.3,Waterloo,ZIP5_uszipcode
217,219,IP7186 USCB - AURORA,AURORA,IL,60504,USA,60504,41.75,-88.25,Aurora,ZIP5_uszipcode
218,220,IP7187 USCB - MONTGOMERY,MONTGOMERY,IL,60538,USA,60538,41.72,-88.35,Montgomery,ZIP5_uszipcode
219,221,IP7188 USCB - BEDFORD PARK BOX,BEDFORD PARK,IL,60638,USA,60638,41.78,-87.77,Chicago,ZIP5_uszipcode
220,222,IP7189 USCB - BELLEVILLE,BELLEVILLE,IL,62226,USA,62226,38.52,-90.0,Belleville,ZIP5_uszipcode
221,223,IP7190 USCB - LINCOLN,LINCOLN,IL,62656,USA,62656,40.1,-89.4,Lincoln,ZIP5_uszipcode
222,224,IP7191 USCB - ROCKFORD,ROCKFORD,IL,61104,USA,61104,42.25,-89.08,Rockford,ZIP5_uszipcode
223,225,IP7192 USCB - BUTLER,BUTLER,IN,46721,USA,46721,41.4,-84.9,Butler,ZIP5_uszipcode
224,226,IP7193 USCB - INDIANAPOLIS,INDIANAPOLIS,IN,46219,USA,46219,39.78,-86.05,Indianapolis,ZIP5_uszipcode
225,227,IP7194 7194 INTERNATIONAL PAPER,KANSAS CITY,KS,66115,USA,66115,39.14,-94.61,Kansas City,ZIP5_uszipcode
226,228,IP7195 USCB - BOWLING GREEN,BOWLING GREEN,KY,42101,USA,42101,37.0,-86.5,Bowling Green,ZIP5_uszipcode
227,229,IP7196 USCB - LOUISVILLE,LOUISVILLE,KY,40218,USA,40218,38.19,-85.66,Louisville,ZIP5_uszipcode
228,230,IP7197 7197 INTERNATIONAL PAPER,WALTON,KY,41094,USA,41094,38.9,-84.6,Walton,ZIP5_uszipcode
229,231,IP7198 USCB - THREE RIVERS,THREE RIVERS,MI,49093,USA,49093,42.0,-85.7,Three Rivers,ZIP5_uszipcode
230,232,IP7199 7199 INTERNATIONAL PAPER,WARREN,MI,48089,USA,48089,42.47,-83.0,Warren,ZIP5_uszipcode
231,233,IP7201 USCB - AUSTIN,AUSTIN,MN,55912,USA,55912,43.7,-93.0,Austin,ZIP5_uszipcode
232,234,IP7202 USCB - FRIDLEY,FRIDLEY,MN,55432,USA,55432,45.1,-93.26,Minneapolis,ZIP5_uszipcode
233,235,IP7203 7203 INTERNATIONAL PAPER,SAINT PAUL,MN,55113,USA,55113,45.01,-93.16,Saint Paul,ZIP5_uszipcode
234,236,IP7204 USCB - WHITE BEAR LAKE,WHITE BEAR LAKE,MN,55110,USA,55110,45.09,-93.0,Saint Paul,ZIP5_uszipcode
235,237,IP7205 USCB - MARYLAND HEIGHTS,MARYLAND HEIGHTS,MO,63043,USA,63043,38.73,-90.45,Maryland Heights,ZIP5_uszipcode
236,238,IP7206 USCB - ST. JOSEPH,SAINT JOSEPH,MO,64503,USA,64503,39.75,-94.85,Saint Joseph,ZIP5_uszipcode
237,239,IP7207 USCB - JACKSON,RICHLAND,MS,39218,USA,39218,32.24,-90.16,Richland,ZIP5_uszipcode
238,240,IP7208 USCB - MAGNOLIA,MAGNOLIA,MS,39652,USA,39652,31.1,-90.5,Magnolia,ZIP5_uszipcode
239,241,IP7209 USCB - OLIVE BRANCH,OLIVE BRANCH,MS,38654,USA,38654,34.9,-89.8,Olive Branch,ZIP5_uszipcode
240,242,IP7210 USCB - CHARLOTTE,CHARLOTTE,NC,28208,USA,28208,35.24,-80.91,Charlotte,ZIP5_uszipcode
241,243,IP7211 USCB - LUMBERTON,LUMBERTON,NC,28360,USA,28360,34.7,-79.1,Lumberton,ZIP5_uszipcode
242,244,IP7212 USCB - NEWTON,NEWTON,NC,28658,USA,28658,35.6,-81.2,Newton,ZIP5_uszipcode
243,245,IP7213 USCB - OMAHA,OMAHA,NE,68127,USA,68127,41.21,-96.05,Omaha,ZIP5_uszipcode
244,246,IP7214 USCB - BARRINGTON,BARRINGTON,NJ,08007,USA,08007,39.86,-75.05,Barrington,ZIP5_uszipcode
245,247,IP7215 USCB - BELLMAWR,BELLMAWR,NJ,08031,USA,08031,39.87,-75.09,Bellmawr,ZIP5_uszipcode
246,248,IP7216 USCB - ROCHESTER,ROCHESTER,NY,14612,USA,14612,43.25,-77.67,Rochester,ZIP5_uszipcode
247,249,IP7217 USCB - DELAWARE,DELAWARE,OH,43015,USA,43015,40.3,-83.1,Delaware,ZIP5_uszipcode
248,250,IP7218 USCB - EATON,EATON,OH,45320,USA,45320,39.7,-84.7,Eaton,ZIP5_uszipcode
249,251,IP7219 USCB - MT. VERNON,MOUNT VERNON,OH,43050,USA,43050,40.4,-82.5,Mount Vernon,ZIP5_uszipcode
250,252,IP7220 USCB - OKLAHOMA CITY,OKLAHOMA CITY,OK,73179,USA,73179,35.42,-97.65,Oklahoma City,ZIP5_uszipcode
251,253,IP7221 USCB - BEAVERTON,BEAVERTON,OR,97005,USA,97005,45.5,-122.8,Beaverton,ZIP5_uszipcode
252,254,IP7222 7222 INTERNATIONAL PAPER,HILLSBORO,OR,97124,USA,97124,45.6,-123.0,Hillsboro,ZIP5_uszipcode
253,255,IP7223 USCB - PORTLAND BOX,PORTLAND,OR,97230,USA,97230,45.55,-122.5,Portland,ZIP5_uszipcode
254,256,"IP7224 USCB - CLEVELAND, TN",CLEVELAND,TN,37311,USA,37311,35.1,-84.9,Cleveland,ZIP5_uszipcode
255,257,IP7225 USCB - AMARILLO,AMARILLO,TX,79107,USA,79107,35.23,-101.8,Amarillo,ZIP5_uszipcode
256,258,IP7226 USCB - GRAND PRAIRIE,GRAND PRAIRIE,TX,75050,USA,75050,32.78,-96.99,Grand Prairie,ZIP5_uszipcode
257,259,IP7227 USCB - MCALLEN,MCALLEN,TX,78501,USA,78501,26.22,-98.24,Mcallen,ZIP5_uszipcode
258,260,IP7228 USCB - SEALY,SEALY,TX,77474,USA,77474,29.8,-96.2,Sealy,ZIP5_uszipcode
259,261,IP7229 USCB - LYNCHBURG,LYNCHBURG,VA,24501,USA,24501,37.3,-79.2,Lynchburg,ZIP5_uszipcode
260,262,IP7230 USCB - BELLEVUE,BELLEVUE,WA,98005,USA,98005,47.62,-122.17,Bellevue,ZIP5_uszipcode
261,263,IP7232 USCB - MOSES LAKE,MOSES LAKE,WA,98837,USA,98837,47.2,-119.3,Moses Lake,ZIP5_uszipcode
262,264,IP7233 USCB - OLYMPIA,LACEY,WA,98503,USA,98503,47.03,-122.8,Lacey,ZIP5_uszipcode
263,265,IP7234 USCB - YAKIMA,UNION GAP,WA,98903,USA,98903,46.5,-120.8,Yakima,ZIP5_uszipcode
264,266,IP7235 USCB - MANITOWOC,MANITOWOC,WI,54220,USA,54220,44.1,-87.7,Manitowoc,ZIP5_uszipcode
265,267,IP7236 7236 INTERNATIONAL PAPER,DELAWARE,OH,43015,USA,43015,40.3,-83.1,Delaware,ZIP5_uszipcode
266,268,IP7237 7237 INTERNATIONAL PAPER,BEAVERTON,OR,97005,USA,97005,45.5,-122.8,Beaverton,ZIP5_uszipcode
267,269,IP7238 7238 INTERNATIONAL PAPER,CYPRESS,CA,90630,USA,90630,33.82,-118.04,Cypress,ZIP5_uszipcode
268,270,IP7240 7240 INTERNATIONAL PAPER,AURORA,IL,60504,USA,60504,41.75,-88.25,Aurora,ZIP5_uszipcode
269,271,IP7242 USCB - Indianapolis Bulk,INDIANAPOLIS,IN,46268,USA,46268,39.9,-86.23,Indianapolis,ZIP5_uszipcode
270,272,IP7245 USCB - SALEM,SALEM,OR,97302,USA,97302,44.91,-123.05,Salem,ZIP5_uszipcode
271,273,IP7271 7271 INTERNATIONAL PAPER,AUBURN,WA,98001,USA,98001,47.31,-122.27,Auburn,ZIP5_uszipcode
272,274,IP728 USCB - LAFAYETTE,LAFAYETTE,LA,70508,USA,70508,30.16,-92.03,Lafayette,ZIP5_uszipcode
273,275,IP7355 7355 INTERNATIONAL PAPER,DIBOLL,TX,75941,USA,75941,31.2,-94.8,Diboll,ZIP5_uszipcode
274,276,IP7364 7364 INTERNATIONAL PAPER,TIPTON,IN,46072,USA,46072,40.3,-86.0,Tipton,ZIP5_uszipcode
275,277,IP7382 7382 INTERNATIONAL PAPER,MILLTOWN,NJ,08850,USA,08850,40.45,-74.44,Milltown,ZIP5_uszipcode
276,278,IP7383 USCB - MIDDLETOWN,MIDDLETOWN,OH,45042,USA,45042,39.5,-84.4,Middletown,ZIP5_uszipcode
277,279,IP7386 USCB - STREETSBORO,STREETSBORO,OH,44241,USA,44241,41.24,-81.35,Streetsboro,ZIP5_uszipcode
278,280,IP7387 USCB - ORLANDO,ORLANDO,FL,32809,USA,32809,28.47,-81.39,Orlando,ZIP5_uszipcode
279,281,IP7388 USCB - BIGLERVILLE,BIGLERVILLE,PA,17307,USA,17307,39.9,-77.3,Biglerville,ZIP5_uszipcode
280,282,IP7390 USCB - IMPERIAL VALLEY,EL CENTRO,CA,92243,USA,92243,32.7,-115.8,El Centro,ZIP5_uszipcode
281,283,"IP7391 USCB - BELTLINE (CARROLLTON, TX)",CARROLLTON,TX,75006,USA,75006,32.95,-96.89,Carrollton,ZIP5_uszipcode
282,284,IP7393 USCB - MINDEN,MINDEN,LA,71055,USA,71055,32.7,-93.3,Minden,ZIP5_uszipcode
283,285,IP7394 USCB - SHAKOPEE,SHAKOPEE,MN,55379,USA,55379,44.7,-93.5,Shakopee,ZIP5_uszipcode
284,286,"IP7395 USCB - TRACY, CA",TRACY,CA,95376,USA,95376,37.73,-121.43,Tracy,ZIP5_uszipcode
285,287,IP7396 USCB - ST. LOUIS (FENTON),SAINT LOUIS,MO,63120,USA,63120,38.69,-90.25,Saint Louis,ZIP5_uszipcode
286,288,"IP7397 USCB - SPOTSWOOD, NJ",SPOTSWOOD,NJ,08884,USA,08884,40.39,-74.39,Spotswood,ZIP5_uszipcode
287,289,IP7398 7398 INTERNATIONAL PAPER,INDIANAPOLIS,IN,46231,USA,46231,39.71,-86.33,Indianapolis,ZIP5_uszipcode
288,290,IP7399 USCB - CRAWFORDSVILLE,CRAWFORDSVILLE,IN,47933,USA,47933,40.0,-86.9,Crawfordsville,ZIP5_uszipcode
289,291,IP7400 USCB - SANTA FE SPRINGS,SANTA FE SPRINGS,CA,90670,USA,90670,33.93,-118.06,Santa Fe Springs,ZIP5_uszipcode
290,292,IP7401 USCB - BELL,LOS ANGELES,CA,90040,USA,90040,33.99,-118.15,Los Angeles,ZIP5_uszipcode
291,293,"IP7402 USCB - HAZLETON, PA",HAZLETON,PA,18202,USA,18202,41.0,-76.0,Hazleton,ZIP5_uszipcode
292,294,IP7403 USCB - FT SMITH NORTH,FORT SMITH,AR,72904,USA,72904,35.41,-94.38,Fort Smith,ZIP5_uszipcode
293,295,IP7404 USCB - WHEAT RIDGE,WHEAT RIDGE,CO,80033,USA,80033,39.77,-105.1,Wheat Ridge,ZIP5_uszipcode
294,296,"IP7405 USCB - PETERSBURG, VA",PETERSBURG,VA,23805,USA,23805,37.1,-77.4,Petersburg,ZIP5_uszipcode
295,297,"IP7406 USCB - LEXINGTON, SC",LEXINGTON,SC,29072,USA,29072,34.0,-81.3,Lexington,ZIP5_uszipcode
296,298,IP7407 USCB - GARDEN CITY,GARDEN CITY,KS,67846,USA,67846,38.0,-100.8,Garden City,ZIP5_uszipcode
297,299,"IP7408 USCB - KANSAS CITY, KS SOUTH",KANSAS CITY,KS,66105,USA,66105,39.09,-94.64,Kansas City,ZIP5_uszipcode
298,300,IP7409 USCB - ONTARIO,ONTARIO,CA,91761,USA,91761,34.03,-117.59,Ontario,ZIP5_uszipcode
299,301,IP7410 7410 INTERNATIONAL PAPER,ASHLAND CITY,TN,37015,USA,37015,36.3,-87.1,Ashland City,ZIP5_uszipcode
300,302,IP7411 USCB - EDINBURG EAST,EDINBURG,TX,78541,USA,78541,26.5,-98.3,Edinburg,ZIP5_uszipcode
301,303,IP7412 7412 INTERNATIONAL PAPER,ELIZABETHTON,TN,37643,USA,37643,36.4,-82.1,Elizabethton,ZIP5_uszipcode
302,304,IP7413 7413 INTERNATIONAL PAPER,LITTLESTOWN,PA,17340,USA,17340,39.76,-77.11,Littlestown,ZIP5_uszipcode
303,305,IP7414 7414 INTERNATIONAL PAPER,ELGIN,IL,60120,USA,60120,42.02,-88.25,Elgin,ZIP5_uszipcode
304,306,IP7415 7415 INTERNATIONAL PAPER,TOUGHKENAMON,PA,19374,USA,19374,39.83,-75.75,Toughkenamon,ZIP5_uszipcode
305,307,IP7416 7416 INTERNATIONAL PAPER,BIGLERVILLE,PA,17307,USA,17307,39.9,-77.3,Biglerville,ZIP5_uszipcode
306,308,IP7417 7417 INTERNATIONAL PAPER,EVANSVILLE,IN,47711,USA,47711,38.03,-87.54,Evansville,ZIP5_uszipcode
307,309,"IP7418 USCB - FOX VALLEY (AURORA), IL",AURORA,IL,60502,USA,60502,41.8,-88.26,Aurora,ZIP5_uszipcode
308,310,IP7419 USCB - BOGALUSA,BOGALUSA,LA,70427,USA,70427,30.8,-89.9,Bogalusa,ZIP5_uszipcode
309,311,"IP7421 USCB - GILROY, CA",GILROY,CA,95020,USA,95020,37.0,-121.5,Gilroy,ZIP5_uszipcode
310,312,IP7422 USCB - MARION,MARION,OH,43302,USA,43302,40.6,-83.1,Marion,ZIP5_uszipcode
311,313,IP7423 7423 INTERNATIONAL PAPER,GLENDALE,AZ,85301,USA,85301,33.53,-112.18,Glendale,ZIP5_uszipcode
312,314,IP7424 USCB - SAN ANTONIO CENTRAL,SAN ANTONIO,TX,78219,USA,78219,29.45,-98.38,San Antonio,ZIP5_uszipcode
313,315,"IP7426 USCB - BAY SHEETS (GILROY), CA",GILROY,CA,95020,USA,95020,37.0,-121.5,Gilroy,ZIP5_uszipcode
314,316,"IP7427 USCB - GATEWAY SHEETS (ST LOUIS), MO",SAINT LOUIS,MO,63120,USA,63120,38.69,-90.25,Saint Louis,ZIP5_uszipcode
315,317,IP7428 7428 INTERNATIONAL PAPER,SAN ANTONIO,TX,78220,USA,78220,29.41,-98.39,San Antonio,ZIP5_uszipcode
316,318,IP743 USCB - LANCASTER,LANCASTER,PA,17601,USA,17601,40.1,-76.3,Lancaster,ZIP5_uszipcode
317,319,IP7430 USCB - BINGHAMPTON,BINGHAMPTON,NY,13903,USA,13903,42.05,-75.9,Binghamton,ZIP5_uszipcode
318,320,IP7431 7431 INTERNATIONAL PAPER,MADISON,OH,44057,USA,44057,41.8,-81.1,Madison,ZIP5_uszipcode
319,321,IP7432 7432 INTERNATIONAL PAPER,BUFFALO,NY,14206,USA,14206,42.88,-78.81,Buffalo,ZIP5_uszipcode
320,322,IP7433 7433 INTERNATIONAL PAPER,GLENVILLE,NY,12302,USA,12302,42.88,-73.99,Schenectady,ZIP5_uszipcode
321,323,IP7434 7434 INTERNATIONAL PAPER,UTICA,NY,13502,USA,13502,43.2,-75.2,Utica,ZIP5_uszipcode
322,324,IP7435 USCB - MANSON,MANSON,NC,27553,USA,27553,36.48,-78.31,Manson,ZIP5_uszipcode
323,325,IP7436 7436 INTERNATIONAL PAPER,HUNTNGBURG,IN,47542,USA,47542,38.3,-87.0,Huntingburg,ZIP5_uszipcode
324,326,IP7437 7437 INTERNATIONAL PAPER,BUENA PARK,CA,90620,USA,90620,33.84,-118.01,Buena Park,ZIP5_uszipcode
325,327,IP7438 USCB - SANTE FE SPRINGS CENTRAL,SANTA FE SPRINGS,CA,90670,USA,90670,33.93,-118.06,Santa Fe Springs,ZIP5_uszipcode
326,328,IP7439 7439 INTERNATIONAL PAPER,SANTA FE SPRINGS,CA,90670,USA,90670,33.93,-118.06,Santa Fe Springs,ZIP5_uszipcode
327,329,IP7440 7440 INTERNATIONAL PAPER,UNION CITY,CA,94587,USA,94587,37.6,-122.0,Union City,ZIP5_uszipcode
328,330,IP7441 USCB - INDY RETAIL DISPLAY (PACKWAY),INDIANAPOLIS,IN,46241,USA,46241,39.76,-86.26,Indianapolis,ZIP5_uszipcode
329,331,IP7442 7442 INTERNATIONAL PAPER,CAYUGA,IN,47928,USA,47928,39.94,-87.45,Cayuga,ZIP5_uszipcode
330,332,IP7443 7443 INTERNATIONAL PAPER,WAVERLY,TN,37185,USA,37185,36.0,-87.8,Waverly,ZIP5_uszipcode
331,333,IP7444 7444 INTERNATIONAL PAPER,ROME,GA,30165,USA,30165,34.3,-85.3,Rome,ZIP5_uszipcode
332,334,IP7445 7445 INTERNATIONAL PAPER,BOGALUSA,LA,70427,USA,70427,30.8,-89.9,Bogalusa,ZIP5_uszipcode
333,335,IP7446 7446 INTERNATIONAL PAPER,MAYSVILLE,KY,41056,USA,41056,38.6,-83.8,Maysville,ZIP5_uszipcode
334,336,IP7447 7447 INTERNATIONAL PAPER,ONTARIO,CA,91761,USA,91761,34.03,-117.59,Ontario,ZIP5_uszipcode
335,337,IP7448 7448 INTERNATIONAL PAPER,ORANGE,TX,77632,USA,77632,30.2,-93.8,Orange,ZIP5_uszipcode
336,338,IP7449 7449 INTERNATIONAL PAPER,LANSDALE,PA,19446,USA,19446,40.23,-75.29,Lansdale,ZIP5_uszipcode
337,339,IP7450 7450 INTERNATIONAL PAPER,SPRINGFIELD,MO,65802,USA,65802,37.2,-93.3,Springfield,ZIP5_uszipcode
338,340,IP7451 7451 INTERNATIONAL PAPER,LEVITTOWN,PA,19057,USA,19057,40.14,-74.85,Levittown,ZIP5_uszipcode
339,341,IP7452 7452 INTERNATIONAL PAPER,CAROL STREAM,IL,60188,USA,60188,41.92,-88.13,Carol Stream,ZIP5_uszipcode
340,342,IP7453 7453 INTERNATIONAL PAPER,MICHIGAN CITY,IN,46360,USA,46360,41.7,-86.9,Michigan City,ZIP5_uszipcode
341,343,IP7454 7454 INTERNATIONAL PAPER,CHICAGO,IL,60608,USA,60608,41.85,-87.68,Chicago,ZIP5_uszipcode
342,344,IP7455 7455 INTERNATIONAL PAPER,INDIANAPOLIS,IN,46202,USA,46202,39.79,-86.15,Indianapolis,ZIP5_uszipcode
343,345,"IP7456 USCB - MIDWEST SHEETS (TIPTON), IN",INDIANAPOLIS,IN,46218,USA,46218,39.81,-86.1,Indianapolis,ZIP5_uszipcode
344,346,IP7457 7457 INTERNATIONAL PAPER,INDIANAPOLIS,IN,46241,USA,46241,39.76,-86.26,Indianapolis,ZIP5_uszipcode
345,347,IP749 0749 INTERNATIONAL PAPER,EIGHTY FOUR,PA,15330,USA,15330,40.2,-80.1,Eighty Four,ZIP5_uszipcode
346,348,IP7519 TEXCORR LP,WAXAHACHIE,TX,75165,USA,75165,32.4,-96.8,Waxahachie,ZIP5_uszipcode
347,349,IP7619 7619 INTERNATIONAL PAPER,COLUMBUS,MS,39701,USA,39701,33.4,-88.5,Columbus,ZIP5_uszipcode
348,350,IP7620 7620 INTERNATIONAL PAPER,OGLETHORPE,GA,31068,USA,31068,32.3,-84.1,Oglethorpe,ZIP5_uszipcode
349,351,IP7621 7621 INTERNATIONAL PAPER,VANCEBORO,NC,28586,USA,28586,35.3,-77.2,Vanceboro,ZIP5_uszipcode
350,352,IP7622 7622 INTERNATIONAL PAPER,COLUMBUS,MS,39701,USA,39701,33.4,-88.5,Columbus,ZIP5_uszipcode
351,353,IP7623 7623 INTERNATIONAL PAPER,PORT WENTWORTH,GA,31407,USA,31407,32.18,-81.18,Savannah,ZIP5_uszipcode
352,354,IP769 0769 INTERNATIONAL PAPER,EASTOVER,SC,29044,USA,29044,33.9,-80.7,Eastover,ZIP5_uszipcode
353,355,IP776 0776 INTERNATIONAL PAPER,FRANKLIN,VA,23851,USA,23851,36.7,-77.0,Franklin,ZIP5_uszipcode
354,356,IP8104 9443 INTERNATIONAL PAPER,KANSAS CITY,MO,64101,USA,64101,39.104,-94.599,Kansas City,ZIP5_uszipcode
355,357,IP8117 8117 INTERNATIONAL PAPER,SPRINGFIELD,MA,01104,USA,01104,42.13,-72.57,Springfield,ZIP5_uszipcode
356,358,IP8134 8134 INTERNATIONAL PAPER,NORTH LAS VEGAS,NV,89081,USA,89081,36.27,-115.11,North Las Vegas,ZIP5_uszipcode
357,359,IP8143 8143 INTERNATIONAL PAPER,PORTLAND,OR,97220,USA,97220,45.56,-122.55,Portland,ZIP5_uszipcode
358,360,IP8276 9442 INTERNATIONAL PAPER,NEWARK,NJ,07114,USA,07114,40.7,-74.17,Newark,ZIP5_uszipcode
359,361,IP8279 9438 INTERNATIONAL PAPER,BROWNSVILLE,TX,78521,USA,78521,26.0,-97.3,Brownsville,ZIP5_uszipcode
360,362,IP8282 9447 INTERNATIONAL PAPER,FRIDLEY,MN,55432,USA,55432,45.1,-93.26,Minneapolis,ZIP5_uszipcode
361,363,IP8286 9440 INTERNATIONAL PAPER,PHARR,TX,78577,USA,78577,26.2,-98.2,Pharr,ZIP5_uszipcode
362,364,IP8287 9449 INTERNATIONAL PAPER,DENVER,CO,80239,USA,80239,39.78,-104.84,Denver,ZIP5_uszipcode
363,365,IP8288 8288 INTERNATIONAL PAPER,CHAMBERSBURG,PA,17201,USA,17201,39.97,-77.67,Chambersburg,ZIP5_uszipcode
364,366,IP8290 9441 INTERNATIONAL PAPER,BUFFALO,NY,14225,USA,14225,42.93,-78.75,Buffalo,ZIP5_uszipcode
365,367,IP8291 8291 INTERNATIONAL PAPER,FLORENCE,NJ,08518,USA,08518,40.12,-74.81,Florence,ZIP5_uszipcode
366,368,IP8294 8294 INTERNATIONAL PAPER,EVANSVILLE,IN,47711,USA,47711,38.03,-87.54,Evansville,ZIP5_uszipcode
367,369,IP8500 8500 INTERNATIONAL PAPER,LOVELAND,OH,45140,USA,45140,39.26,-84.24,Loveland,ZIP5_uszipcode
368,370,IP867 0867 INTERNATIONAL PAPER,PRATTVILLE,AL,36067,USA,36067,32.5,-86.6,Prattville,ZIP5_uszipcode
369,371,IP874 USCB - KALAMAZOO,KALAMAZOO,MI,49001,USA,49001,42.27,-85.56,Kalamazoo,ZIP5_uszipcode
370,372,IP8870 8870 ARIZONA CHEMIC*DO NOT USE*,PORT SAINT JOE,FL,32456,USA,32456,29.8,-85.3,Port Saint Joe,ZIP5_uszipcode
371,373,IP899 0899 INTERNATIONAL PAPER,SAVANNAH,GA,31415,USA,31415,32.08,-81.13,Savannah,ZIP5_uszipcode
372,374,IP9000 9000 INTERNATIONAL PAPER,FORT WORTH,TX,76106,USA,76106,32.81,-97.36,Fort Worth,ZIP5_uszipcode
373,375,IP9002 9002 INTERNATIONAL PAPER,HAMMOND,IN,46320,USA,46320,41.61,-87.49,Hammond,ZIP5_uszipcode
374,376,IP9003 9003 INTERNATIONAL PAPER,CHESTER,VA,23836,USA,23836,37.36,-77.33,Chester,ZIP5_uszipcode
375,377,IP9004 9004 INTERNATIONAL PAPER,FLORENCE,NJ,08518,USA,08518,40.12,-74.81,Florence,ZIP5_uszipcode
376,378,IP9005 9005 INTERNATIONAL PAPER,LA MIRADA,CA,90638,USA,90638,33.9,-118.01,La Mirada,ZIP5_uszipcode
377,379,IP9006 9006 INTERNATIONAL PAPER,ATLANTA,GA,30316,USA,30316,33.74,-84.34,Atlanta,ZIP5_uszipcode
378,380,IP9007 9007 INTERNATIONAL PAPER,PORTLAND,OR,97203,USA,97203,45.61,-122.75,Portland,ZIP5_uszipcode
379,381,IP9201 9201 INTERNATIONAL PAPER,SAVANNAH,GA,31402,USA,31402,,,Savannah,ZIP5_uszipcode
380,382,IP9202 9202 INTERNATIONAL PAPER,NEW ORLEANS,LA,70115,USA,70115,29.93,-90.1,New Orleans,ZIP5_uszipcode
381,383,IP9203 9203 INTERNATIONAL PAPER,LONG BEACH,CA,90802,USA,90802,33.76,-118.2,Long Beach,ZIP5_uszipcode
382,384,IP9204 9204 INTERNATIONAL PAPER,LA PORTE,TX,77571,USA,77571,29.69,-95.04,La Porte,ZIP5_uszipcode
383,385,IP9205 9205 INTERNATIONAL PAPER,PORT ARTHUR,TX,77640,USA,77640,29.8,-94.1,Port Arthur,ZIP5_uszipcode
384,386,IP9206 9206 INTERNATIONAL PAPER,VICKSBURG,MS,39181,USA,39181,,,Vicksburg,ZIP5_uszipcode
385,387,IP9207 9207 INTERNATIONAL PAPER,MOBILE,AL,36602,USA,36602,30.71,-88.03,Mobile,ZIP5_uszipcode
386,388,IP9208 9208 INTERNATIONAL PAPER,CHARLESTON,SC,29401,USA,29401,32.78,-79.93,Charleston,ZIP5_uszipcode
387,389,IP9209 9209 INTERNATIONAL PAPER,PASCAGOULA,MS,39567,USA,39567,30.38,-88.57,Pascagoula,ZIP5_uszipcode
388,390,IP9210 9210 INTERNATIONAL PAPER,BRUNSWICK,GA,31520,USA,31520,31.18,-81.48,Brunswick,ZIP5_uszipcode
389,391,IP9211 9211 INTERNATIONAL PAPER,SAN DIEGO,CA,92101,USA,92101,32.72,-117.18,San Diego,ZIP5_uszipcode
390,392,IP9212 9212 INTERNATIONAL PAPER,PANAMA CITY,FL,32401,USA,32401,30.16,-85.67,Panama City,ZIP5_uszipcode
391,393,IP9213 9213 INTERNATIONAL PAPER,PEARLINGTON,MS,39572,USA,39572,30.3,-89.6,Pearlington,ZIP5_uszipcode
392,394,IP9214 9214 INTERNATIONAL PAPER,JACKSONVILLE,FL,32206,USA,32206,30.35,-81.64,Jacksonville,ZIP5_uszipcode
393,395,IP9215 9215 INTERNATIONAL PAPER,WILMINGTON,NC,28401,USA,28401,34.26,-77.97,Wilmington,ZIP5_uszipcode
394,396,IP9216 9216 INTERNATIONAL PAPER,TERMINAL ISLAND,CA,90731,USA,90731,33.74,-118.27,San Pedro,ZIP5_uszipcode
395,397,IP9217 9217 INTERNATIONAL PAPER,SAN PEDRO,CA,90731,USA,90731,33.74,-118.27,San Pedro,ZIP5_uszipcode
396,398,IP9218 9218 INTERNATIONAL PAPER,OAKLAND,CA,94604,USA,94604,,,Oakland,ZIP5_uszipcode
397,399,IP9219 9219 INTERNATIONAL PAPER,SEATTLE,WA,98121,USA,98121,47.61,-122.35,Seattle,ZIP5_uszipcode
398,400,IP9220 9220 INTERNATIONAL PAPER,BEAUMONT,TX,77704,USA,77704,,,Beaumont,ZIP5_uszipcode
399,401,IP9221 9221 INTERNATIONAL PAPER,NORFOLK,VA,23510,USA,23510,36.85,-76.29,Norfolk,ZIP5_uszipcode
400,402,IP9222 9222 INTERNATIONAL PAPER,NEW YORK,NY,10048,USA,10048,,,New York,ZIP5_uszipcode
401,403,IP9223 9223 INTERNATIONAL PAPER,EAST BOSTON,MA,02128,USA,02128,42.37,-71.02,Boston,ZIP5_uszipcode
402,404,IP9224 9224 INTERNATIONAL PAPER,SAN FRANCISCO,CA,94131,USA,94131,37.75,-122.44,San Francisco,ZIP5_uszipcode
403,405,IP9225 9225 INTERNATIONAL PAPER,MIAMI,FL,33125,USA,33125,25.78,-80.24,Miami,ZIP5_uszipcode
404,406,IP9226 9226 INTERNATIONAL PAPER,PORT ALLEN,LA,70767,USA,70767,30.5,-91.3,Port Allen,ZIP5_uszipcode
405,407,IP9227 9227 INTERNATIONAL PAPER,PENSACOLA,FL,32502,USA,32502,30.41,-87.22,Pensacola,ZIP5_uszipcode
406,408,IP9228 9228 INTERNATIONAL PAPER,PORT SAINT JOE,FL,32456,USA,32456,29.8,-85.3,Port Saint Joe,ZIP5_uszipcode
407,409,IP9229 9229 INTERNATIONAL PAPER,GEORGETOWN,SC,29440,USA,29440,33.4,-79.4,Georgetown,ZIP5_uszipcode
408,410,IP9230 9230 INTERNATIONAL PAPER,FERNANDINA BEACH,FL,32034,USA,32034,30.6,-81.5,Fernandina Beach,ZIP5_uszipcode
409,411,IP9231 9231 INTERNATIONAL PAPER,LAKE CHARLES,LA,70601,USA,70601,30.24,-93.23,Lake Charles,ZIP5_uszipcode
410,412,IP9233 9233 INTERNATIONAL PAPER,GULFPORT,MS,39502,USA,39502,,,Gulfport,ZIP5_uszipcode
411,413,IP9234 9234 INTERNATIONAL PAPER,FORT LAUDERDALE,FL,33316,USA,33316,26.09,-80.12,Fort Lauderdale,ZIP5_uszipcode
412,414,IP9235 9235 INTERNATIONAL PAPER,RICHMOND,VA,23234,USA,23234,37.47,-77.47,Richmond,ZIP5_uszipcode
413,415,IP9237 9237 INTERNATIONAL PAPER,WILMINGTON,DE,19801,USA,19801,39.73,-75.55,Wilmington,ZIP5_uszipcode
414,416,IP9238 9238 INTERNATIONAL PAPER,TACOMA,WA,98421,USA,98421,47.26,-122.4,Tacoma,ZIP5_uszipcode
415,417,IP9239 9239 INTERNATIONAL PAPER,MOREHEAD CITY,NC,28557,USA,28557,34.74,-76.76,Morehead City,ZIP5_uszipcode
416,418,IP9240 9240 INTERNATIONAL PAPER,EDDYSTONE,PA,19022,USA,19022,39.86,-75.33,Crum Lynne,ZIP5_uszipcode
417,419,IP9241 9241 INTERNATIONAL PAPER,PORTLAND,ME,04101,USA,04101,43.66,-70.26,Portland,ZIP5_uszipcode
418,420,IP9242 9242 INTERNATIONAL PAPER,PORTLAND,OR,97203,USA,97203,45.61,-122.75,Portland,ZIP5_uszipcode
419,421,IP9401 9401 INTERNATIONAL PAPER,FAIRFIELD,CT,45014,USA,45014,39.3,-84.6,Fairfield,ZIP5_uszipcode
420,422,IP9402 9402 INTERNATIONAL PAPER,ATLANTA,GA,30316,USA,30316,33.74,-84.34,Atlanta,ZIP5_uszipcode
421,423,IP9404 9404 INTERNATIONAL PAPER,CROYDON,PA,19021,USA,19021,40.09,-74.89,Croydon,ZIP5_uszipcode
422,424,IP9406 9406 INTERNATIONAL PAPER,COMMERCE,CA,90040,USA,90040,33.99,-118.15,Los Angeles,ZIP5_uszipcode
423,425,IP9407 6938 INTERNATIONAL*DO NOT USE*,FRESNO,CA,93725,USA,93725,36.6,-119.7,Fresno,ZIP5_uszipcode
424,427,IP9410 9410 INTERNATIONAL PAPER,MONROE,LA,71201,USA,71201,32.53,-92.11,Monroe,ZIP5_uszipcode
425,428,IP9413 9413 INTERNATIONAL PAPER,MEMPHIS,TN,38118,USA,38118,35.04,-89.93,Memphis,ZIP5_uszipcode
426,429,IP9414 6908 INTERNATIONAL PAPER,BEDFORD PK,IL,60638,USA,60638,41.78,-87.77,Chicago,ZIP5_uszipcode
427,430,IP9415 6922 INTERNATIONAL PAPER,GRAND RAPIDS,MI,49512,USA,49512,42.88,-85.53,Grand Rapids,ZIP5_uszipcode
428,431,IP9417 6907 INTERNATIONAL PAPER,HAYWARD,CA,94545,USA,94545,37.63,-122.12,Hayward,ZIP5_uszipcode
429,432,IP9426 6399 INTERNATIONAL PA*DO NOT USE*,SPARTANBURG,SC,29302,USA,29302,34.89,-81.85,Spartanburg,ZIP5_uszipcode
430,433,IP9432 9432 INTERNATIONAL PAPER*DO NOT USE,ONTARIO,CA,91761,USA,91761,34.03,-117.59,Ontario,ZIP5_uszipcode
431,434,IP9433 9433 INTERNATIONAL PAPER,PITTSBURGH,PA,15205,USA,15205,40.44,-80.11,Pittsburgh,ZIP5_uszipcode
432,435,IP9434 9434 INTERNATIONAL PAPER,BATON ROUGE,LA,70802,USA,70802,30.43,-91.18,Baton Rouge,ZIP5_uszipcode
433,436,IP9435 9435 INTERNATIONAL PAPER,ATLANTA,GA,30336,USA,30336,33.74,-84.57,Atlanta,ZIP5_uszipcode
434,437,IP9439 9439 INTERNATIONAL PAPER,SPRINGFIELD,MA,01104,USA,01104,42.13,-72.57,Springfield,ZIP5_uszipcode
435,438,IP9450 9450 INTERNATIONAL PAPER,KANSAS CITY,MO,64116,USA,64116,39.15,-94.57,Kansas City,ZIP5_uszipcode
436,439,IP9452 9452 INTERNATIONAL PAPER,NEENAH,WI,54956,USA,54956,44.2,-88.5,Neenah,ZIP5_uszipcode
437,440,IP9453 9453 INTERNATIONAL PAPER,CARROLLTON,TX,75006,USA,75006,32.95,-96.89,Carrollton,ZIP5_uszipcode
438,441,IP9454 9454 INTERNATIONAL PAPER,COHOES,NY,12047,USA,12047,42.79,-73.72,Cohoes,ZIP5_uszipcode
439,442,IP9455 9455 INTERNATIONAL PAPER,MAPLESVILLE,AL,36750,USA,36750,32.8,-86.8,Maplesville,ZIP5_uszipcode
440,443,IP9456 9456 INTERNATIONAL PAPER,LITTLE CHUTE,WI,54140,USA,54140,44.29,-88.31,Little Chute,ZIP5_uszipcode
441,444,IP9458 9458 INTERNATIONAL PAPER,MEMPHIS,TN,38118,USA,38118,35.04,-89.93,Memphis,ZIP5_uszipcode
442,445,IP9459 9459 INTERNATIONAL PAPER,ASHTABULA,OH,44004,USA,44004,41.9,-80.8,Ashtabula,ZIP5_uszipcode
443,446,IP9462 9462 INTERNATIONAL PAPER,N KANSAS CITY,MO,64116,USA,64116,39.15,-94.57,Kansas City,ZIP5_uszipcode
444,447,IP9465 9465 INTERNATIONAL PAPER,ATLANTA,GA,30349,USA,30349,33.6,-84.5,Atlanta,ZIP5_uszipcode
445,448,IP9466 9466 INTERNATIONAL PAPER,RALEIGH,NC,27603,USA,27603,35.7,-78.7,Raleigh,ZIP5_uszipcode
446,449,IP9467 9467 INTERNATIONAL PAPER,BASTROP,LA,71220,USA,71220,32.8,-91.9,Bastrop,ZIP5_uszipcode
447,450,IP9468 9468 INTERNATIONAL PAPER,HIGH POINT,NC,27263,USA,27263,35.91,-79.95,High Point,ZIP5_uszipcode
448,451,IP9469 9469 INTERNATIONAL PAPER,BENTON HARBOR,MI,49022,USA,49022,42.1,-86.3,Benton Harbor,ZIP5_uszipcode
449,452,IP9470 9470 INTERNATIONAL PAPER,KENT,WA,98032,USA,98032,47.4,-122.26,Kent,ZIP5_uszipcode
450,453,IP9471 9471 INTERNATIONAL PAPER,WINSTON SALEM,NC,27105,USA,27105,36.16,-80.24,Winston Salem,ZIP5_uszipcode
451,454,IP9472 9472 INTERNATIONAL PAPER,EVANSVILLE,IN,47711,USA,47711,38.03,-87.54,Evansville,ZIP5_uszipcode
452,455,IP9473 9473 INTERNATIONAL PAPER,NASHVILLE,TN,37210,USA,37210,36.14,-86.73,Nashville,ZIP5_uszipcode
453,456,IP9474 9474 INTERNATIONAL PAPER,BOWLING GREEN,KY,42104,USA,42104,36.9,-86.5,Bowling Green,ZIP5_uszipcode
454,457,IP9475 9475 INTERNATIONAL PAPER,VERNON,CA,90058,USA,90058,34.0,-118.21,Los Angeles,ZIP5_uszipcode
455,458,IP9476 9476 INTERNATIONAL PAPER,KANSAS CITY,KS,66115,USA,66115,39.14,-94.61,Kansas City,ZIP5_uszipcode
456,459,IP9477 9477 INTERNATIONAL PAPER,LOCKBOURNE,OH,43137,USA,43137,39.81,-82.98,Lockbourne,ZIP5_uszipcode
457,460,IP9478 9478 INTERNATIONAL PAPER,LA MIRADA,CA,90638,USA,90638,33.9,-118.01,La Mirada,ZIP5_uszipcode
458,461,IP9479 9479 INTERNATIONAL PAPER,WILMINGTON,NC,28405,USA,28405,34.27,-77.86,Wilmington,ZIP5_uszipcode
459,462,IP9480 9480 INTERNATIONAL PAPER,MIAMI,FL,33167,USA,33167,25.89,-80.24,Miami,ZIP5_uszipcode
460,463,IP9481 9481 INTERNATIONAL PAPER,PORTLAND,OR,97203,USA,97203,45.61,-122.75,Portland,ZIP5_uszipcode
461,464,IP9482 9482 INTERNATIONAL PAPER,STOCKTON,CA,95203,USA,95203,37.95,-121.32,Stockton,ZIP5_uszipcode
462,465,IP9483 9483 INTERNATIONAL PAPER,OGDEN,UT,84404,USA,84404,41.2,-112.2,Ogden,ZIP5_uszipcode
463,466,IP9484 9484 INTERNATIONAL PAPER,AMARILLO,TX,79107,USA,79107,35.23,-101.8,Amarillo,ZIP5_uszipcode
464,467,IP9485 9485 INTERNATIONAL PAPER,INDIANAPOLIS,IN,46278,USA,46278,39.9,-86.3,Indianapolis,ZIP5_uszipcode
465,468,IP9486 9486 INTERNATIONAL PAPER,MINNEAPOLIS,MN,55421,USA,55421,45.05,-93.25,Minneapolis,ZIP5_uszipcode
466,469,IP9487 9487 INTERNATIONAL PAPER,GOLDEN,CO,80403,USA,80403,39.8,-105.3,Golden,ZIP5_uszipcode
467,470,IP9488 9488 INTERNATIONAL PAPER,QUERETARO,QRO,98277,MEX,98277,48.3,-122.7,Oak Harbor,ZIP5_uszipcode
468,471,IP9489 9489 INTERNATIONAL PAPER,TULTITLAN,MEX,98277,MEX,98277,48.3,-122.7,Oak Harbor,ZIP5_uszipcode
469,472,IP9490 9490 INTERNATIONAL PAPER,INDIANAPOLIS,IN,46221,USA,46221,39.7,-86.24,Indianapolis,ZIP5_uszipcode
470,473,IP9491 9491 INTERNATIONAL PAPER,MOUNT PLEASANT,PA,15666,USA,15666,40.16,-79.53,Mount Pleasant,ZIP5_uszipcode
471,474,IP9492 9492 INTERNATIONAL PAPER,CEDAR FALLS,IA,50613,USA,50613,42.5,-92.5,Cedar Falls,ZIP5_uszipcode
472,475,IP9493 9493 INTERNATIONAL PAPER,COURTLAND,AL,35618,USA,35618,34.7,-87.3,Courtland,ZIP5_uszipcode
473,476,IP9494 9494 INTERNATIONAL PAPER,SACRAMENTO,CA,95834,USA,95834,38.64,-121.52,Sacramento,ZIP5_uszipcode
474,477,IP9495 9495 INTERNATIONAL PAPER,JERSEY CITY,NJ,07305,USA,07305,40.7,-74.07,Jersey City,ZIP5_uszipcode
475,478,IP9497 9497 INTERNATIONAL PAPER,AURORA,CO,80011,USA,80011,39.73,-104.79,Aurora,ZIP5_uszipcode
476,479,IP9498 9498 INTERNATIONAL PAPER,COMMERCE,CA,90023,USA,90023,34.02,-118.2,Los Angeles,ZIP5_uszipcode
477,480,IP9501 9501 INTERNATIONAL PAPER,DANVILLE,IL,61834,USA,61834,40.1,-87.7,Danville,ZIP5_uszipcode
478,481,IP9502 9502 INTERNATIONAL PAPER,MEMPHIS,TN,38118,USA,38118,35.04,-89.93,Memphis,ZIP5_uszipcode
479,482,IP9550 9550 INTERNATIONAL PAPER,BOLINGBROOK,IL,60440,USA,60440,41.7,-88.08,Bolingbrook,ZIP5_uszipcode
480,483,IP9551 9551 INTERNATIONAL PAPER,BEAVER DAM,WI,53916,USA,53916,43.5,-88.9,Beaver Dam,ZIP5_uszipcode
481,484,IP9552 9552 INTERNATIONAL PAPER,E STROUDSBURG,PA,18301,USA,18301,41.0,-75.1,East Stroudsburg,ZIP5_uszipcode
482,485,IP9553 9553 INTERNATIONAL PAPER,POMONA,CA,91767,USA,91767,34.09,-117.73,Pomona,ZIP5_uszipcode
483,486,IP9554 9554 INTERNATIONAL PAPER,COVINGTON,TN,38019,USA,38019,35.5,-89.6,Covington,ZIP5_uszipcode
484,487,IP9555 9555 INTERNATIONAL *DO NOT USE*,STURGIS,MI,49091,USA,49091,41.8,-85.4,Sturgis,ZIP5_uszipcode
485,488,IP9556 9556 INTERNATIONAL *DO NOT USE*,HAZLE TOWNSHIP,PA,18202,USA,18202,41.0,-76.0,Hazleton,ZIP5_uszipcode
486,489,IP9557 9557 INTERNATIONAL *DO NOT USE*,GREENSBORO,NC,27407,USA,27407,36.01,-79.87,Greensboro,ZIP5_uszipcode
487,490,IP9558 9558 INTERNATIONAL PAPER,MEDLEY,FL,33178,USA,33178,25.85,-80.37,Miami,ZIP5_uszipcode
488,491,IP9559 9559 INTERNATIONAL PAPER,HAZLETON,PA,18202,USA,18202,41.0,-76.0,Hazleton,ZIP5_uszipcode
489,492,IP9560 9560 INTERNATIONAL PAPER,LINFIELD,PA,19468,USA,19468,40.21,-75.54,Royersford,ZIP5_uszipcode
490,493,IP9561 9561 INTERNATIONAL PAPER,ONTARIO,CA,91761,USA,91761,34.03,-117.59,Ontario,ZIP5_uszipcode
491,494,IP9562 9562 INTERNATIONAL PAPER,BURLINGTON,NJ,08016,USA,08016,40.07,-74.84,Burlington,ZIP5_uszipcode
492,500,IPA,LOS ANGELES,CA,98277,USA,98277,48.3,-122.7,Oak Harbor,ZIP5_uszipcode
493,501,IPB,BELL,CA,98277,USA,98277,48.3,-122.7,Oak Harbor,ZIP5_uszipcode
494,502,IPC,TOLEDO,,98277,USA,98277,48.3,-122.7,Oak Harbor,ZIP5_uszipcode
495,503,IPD,TOCONDEROGA,,98277,USA,98277,48.3,-122.7,Oak Harbor,ZIP5_uszipcode
496,505,IPE03 6943 INTERNATIONAL PAPER,GREENSBORO,NC,27407,USA,27407,36.01,-79.87,Greensboro,ZIP5_uszipcode
497,506,IPE33 6943 INTERNATIONAL PAPER,GREENSBORO,NC,27407,USA,27407,36.01,-79.87,Greensboro,ZIP5_uszipcode
498,508,IPG80 6943 INTERNATIONAL PAPER,DFW AIRPORT,TX,75261,USA,75261,,,Dallas,ZIP5_uszipcode
499,509,IPH,HOWELL,MI,98277,USA,98277,48.3,-122.7,Oak Harbor,ZIP5_uszipcode
500,510,IPI,PINECASTLE,,98277,USA,98277,48.3,-122.7,Oak Harbor,ZIP5_uszipcode
501,511,IPI42 6943 INTERNATIONAL PAPER,DOWNEY,CA,90242,USA,90242,33.92,-118.14,Downey,ZIP5_uszipcode
502,512,IPI62 6943 INTERNATIONAL PAPER,LOVELAND,OH,45140,USA,45140,39.26,-84.24,Loveland,ZIP5_uszipcode
503,513,IPI79 6943 INTERNATIONAL PAPER,CHARLOTTE,NC,28269,USA,28269,35.34,-80.79,Charlotte,ZIP5_uszipcode
504,514,IPJ,TARAWA TERRACE,NC,98277,USA,98277,48.3,-122.7,Oak Harbor,ZIP5_uszipcode
505,515,IPK,KANSAS CITY,,98277,USA,98277,48.3,-122.7,Oak Harbor,ZIP5_uszipcode
506,516,IPK05 6943 INTERNATIONAL PAPER,GREENSBORO,NC,27407,USA,27407,36.01,-79.87,Greensboro,ZIP5_uszipcode
507,517,IPK73 6943 INTERNATIONAL PAPER,SUGAR NOTCH,PA,18706,USA,18706,41.22,-75.9,Wilkes Barre,ZIP5_uszipcode
508,518,,philllllllllllladelphis,,98277,USA,98277,48.3,-122.7,Oak Harbor,ZIP5_uszipcode
509,519,,Jacksonvill,,98277,USA,98277,48.3,-122.7,Oak Harbor,ZIP5_uszipcode
510,520,,PARIS,TN,98277,USA,98277,48.3,-122.7,Oak Harbor,ZIP5_uszipcode
511,521,,PARIS,,98277,USA,98277,48.3,-122.7,Oak Harbor,ZIP5_uszipcode
512,522,,MOSCOW,,98277,USA,98277,48.3,-122.7,Oak Harbor,ZIP5_uszipcode
513,523,,,,29902,USA,29902,32.38,-80.7,Beaufort,ZIP5_uszipcode
514,524,,,,38117,USA,38117,35.11,-89.9,Memphis,ZIP5_uszipcode
515,525,,"REDLANDS, CA",,98277,USA,98277,48.3,-122.7,Oak Harbor,ZIP5_uszipcode
516,526,,REDLANDS,CA,98277,USA,98277,48.3,-122.7,Oak Harbor,ZIP5_uszipcode
517,527,380 NEW YORK STREET,REDLANDS,CA,92373,USA,92373,34.0,-117.1,Redlands,ZIP5_uszipcode
518,528,"380 NEW YORK STREET, REDLANDS, CA  92373",,,98277,USA,98277,48.3,-122.7,Oak Harbor,ZIP5_uszipcode
519,529,INTERNATIONAL FIBRE RESOURCES INC,FLORENCE,SC,29501,USA,29501,34.21,-79.82,Florence,ZIP5_uszipcode
520,530,THE PACKAGING WAREHOUSE,FORT MILL,SC,29715,USA,29715,35.01,-80.94,Fort Mill,ZIP5_uszipcode
521,531,SOUTHEASTERN PAPERBOARD,PIEDMONT,SC,29673,USA,29673,34.7,-82.5,Piedmont,ZIP5_uszipcode
522,532,PAPER CUTTERS INC,GREENVILLE,SC,29617,USA,29617,34.91,-82.47,Greenville,ZIP5_uszipcode
523,533,NEWARK PAPERBOARD PRODUCTS,GREENVILLE,SC,29608,USA,29608,,,Greenville,ZIP5_uszipcode
524,534,SOUTHERN STATES PACKAGING COMPANY I,SPARTANBURG,SC,29304,USA,29304,,,Spartanburg,ZIP5_uszipcode
525,535,SONOCO PRODUCTS COMPANY,HARTSVILLE,SC,29550,USA,29550,34.4,-80.1,Hartsville,ZIP5_uszipcode
526,536,PINNACLE COATING & CONVERTING INC,SPARTANBURG,SC,29303,USA,29303,35.0,-81.98,Spartanburg,ZIP5_uszipcode
527,537,PACKAGING CORPORATION OF AMERICA,NEWBERRY,SC,29108,USA,29108,34.3,-81.6,Newberry,ZIP5_uszipcode
528,538,SONOCO PRODUCTS COMPANY,HARTSVILLE,SC,29550,USA,29550,34.4,-80.1,Hartsville,ZIP5_uszipcode
529,539,"RECOVER, INC",GREENVILLE,SC,29607,USA,29607,34.84,-82.38,Greenville,ZIP5_uszipcode
530,540,EXOPACK LLC,SPARTANBURG,SC,29302,USA,29302,34.89,-81.85,Spartanburg,ZIP5_uszipcode
531,541,INDUSTRIAL PACKAGING SUPPLIES,FOUNTAIN INN,SC,29644,USA,29644,34.7,-82.2,Fountain Inn,ZIP5_uszipcode
532,542,FORTIFIBER CORP,HANAHAN,SC,29406,USA,29406,32.93,-80.02,Charleston,ZIP5_uszipcode
533,543,PACKAGING CORPORATION OF AMERICA,HONEA PATH,SC,29654,USA,29654,34.5,-82.4,Honea Path,ZIP5_uszipcode
534,544,SOUTHERN STATES PKG,SPARTANBURG,SC,29307,USA,29307,34.99,-81.82,Spartanburg,ZIP5_uszipcode
535,545,PORT RECYCLING,HARDEEVILLE,SC,29927,USA,29927,32.2,-81.0,Hardeeville,ZIP5_uszipcode
536,546,SSA N. CHARLESTON TRM,NORTH CHARLESTON,SC,29405,USA,29405,32.85,-79.99,North Charleston,ZIP5_uszipcode
537,547,SOUTHEASTERN PAPERBOARD,GREENVILLE,SC,29605,USA,29605,34.78,-82.38,Greenville,ZIP5_uszipcode
538,548,STONE CONTAINER CORP,SPARTANBURG,SC,29303,USA,29303,35.0,-81.98,Spartanburg,ZIP5_uszipcode
539,549,ATLANTIC TRANSPORTATION SERVICES,NORTH CHARLESTON,SC,29405,USA,29405,32.85,-79.99,North Charleston,ZIP5_uszipcode
540,550,ATS LOGISTICS,NORTH CHARLESTON,SC,29405,USA,29405,32.85,-79.99,North Charleston,ZIP5_uszipcode
541,551,S & W MANUFACTURING,FLORENCE,SC,29501,USA,29501,34.21,-79.82,Florence,ZIP5_uszipcode
542,552,SSA STEVEADORES/COOPER,CHARLESTON,SC,29403,USA,29403,32.8,-79.94,Charleston,ZIP5_uszipcode
543,553,DOLE FRESH FRUIT CO,HANAHAN,SC,29406,USA,29406,32.93,-80.02,Charleston,ZIP5_uszipcode
544,554,PACKAGING CORPORATION OF AMERICA,HONEA PATH,SC,29654,USA,29654,34.5,-82.4,Honea Path,ZIP5_uszipcode
545,555,STONE CONTAINER CORP,COLUMBIA,SC,29210,USA,29210,34.04,-81.11,Columbia,ZIP5_uszipcode
546,556,WELLPAK,GREENVILLE,SC,29611,USA,29611,34.83,-82.46,Greenville,ZIP5_uszipcode
547,557,STONE CONTAINER CORP,LATTA,SC,29565,USA,29565,34.4,-79.5,Latta,ZIP5_uszipcode
548,558,UNISLIT CORP,FLORENCE,SC,29501,USA,29501,34.21,-79.82,Florence,ZIP5_uszipcode
549,559,GALAXY FORWARDING,HANAHAN,SC,29406,USA,29406,32.93,-80.02,Charleston,ZIP5_uszipcode
550,560,PACKAGING CORPORATION OF AMERICA,NEWBERRY,SC,29108,USA,29108,34.3,-81.6,Newberry,ZIP5_uszipcode
551,561,SOUTHEASTERN PAPER BOARD,PIEDMONT,SC,29673,USA,29673,34.7,-82.5,Piedmont,ZIP5_uszipcode
552,562,BLACKHAWK LOGISTICS,HANAHAN,SC,29406,USA,29406,32.93,-80.02,Charleston,ZIP5_uszipcode
553,563,ATS LOGISTICS - CARVIMSA,OLIVER,SC,29418,USA,29418,32.89,-80.06,North Charleston,ZIP5_uszipcode
554,564,BLACKHAWK LOGISTICS,HANAHAN,SC,29406,USA,29406,32.93,-80.02,Charleston,ZIP5_uszipcode
555,565,NEVAMAR COMPANY,HAMPTON,SC,29924,USA,29924,32.9,-81.1,Hampton,ZIP5_uszipcode
556,566,IPS PACKAGING,FOUNTAIN INN,SC,29644,USA,29644,34.7,-82.2,Fountain Inn,ZIP5_uszipcode
557,567,GREENVILLE PAPER CONVERTER,GREENVILLE,SC,29609,USA,29609,34.91,-82.39,Greenville,ZIP5_uszipcode
558,568,PACKAGING CORPORATION OF AMERICA,HONEA PATH,SC,29654,USA,29654,34.5,-82.4,Honea Path,ZIP5_uszipcode
559,569,CORRUPAC-GUAYAQUIL,CHARLESTON,SC,98277,USA,98277,48.3,-122.7,Oak Harbor,ZIP5_uszipcode
560,570,CARAUSTAR RECOVERED FIBER GROUP,HARDEEVILLE,SC,29927,USA,29927,32.2,-81.0,Hardeeville,ZIP5_uszipcode
561,571,INTERNATIONAL FIBRE RESOURCES INC,ORANGEBURG,SC,29115,USA,29115,33.5,-80.9,Orangeburg,ZIP5_uszipcode
562,572,ATS LOGISTICS,OLIVER,SC,29418,USA,29418,32.89,-80.06,North Charleston,ZIP5_uszipcode
563,573,MILLIKEN AND CO,WHITE STONE,SC,29386,USA,29386,,,White Stone,ZIP5_uszipcode
564,574,"JERICH USA, INC.",HANAHAN,SC,29406,USA,29406,32.93,-80.02,Charleston,ZIP5_uszipcode
565,575,"PACKAGING SOLUTIONS, INC. - 0B48",JOHNSONVILLE,SC,29555,USA,29555,33.9,-79.5,Johnsonville,ZIP5_uszipcode
566,576,ACO DISTRIBUTION,ORANGEBURG,SC,29115,USA,29115,33.5,-80.9,Orangeburg,ZIP5_uszipcode
567,577,INTERNATIONAL PAPER - BUTLER/INDY-B,SPARTANBURG,SC,29307,USA,29307,34.99,-81.82,Spartanburg,ZIP5_uszipcode
568,578,INTERNATIONAL PAPER BUTLER,SPARTANBURG,SC,29307,USA,29307,34.99,-81.82,Spartanburg,ZIP5_uszipcode
569,579,INTERNATIONAL PAPER  BARRINGTON,SPARTANBURG,SC,29307,USA,29307,34.99,-81.82,Spartanburg,ZIP5_uszipcode
570,580,INTERNATIONAL PAPER BARRINGTON,PIEDMONT,SC,29673,USA,29673,34.7,-82.5,Piedmont,ZIP5_uszipcode
571,581,CARAUSTAR INDUSTRIES INC - DIP,HARDEESVILLE,SC,29927,USA,29927,32.2,-81.0,Hardeeville,ZIP5_uszipcode
572,582,TEMPLE-INLAND INC,LEXINGTON,SC,29072,USA,29072,34.0,-81.3,Lexington,ZIP5_uszipcode
573,584,INTERNATIONAL PAPER - GRIFFIN,SPARTANBURG,SC,29307,USA,29307,34.99,-81.82,Spartanburg,ZIP5_uszipcode
574,585,FRONTIER LOGISTICS,HANAHAN,SC,29410,USA,29410,32.94,-80.0,Hanahan,ZIP5_uszipcode
575,586,SOUTHERN STATES PACKAGING - REBATE,SPARTANBURG,SC,29307,USA,29307,34.99,-81.82,Spartanburg,ZIP5_uszipcode
576,587,NEVAMAR HAMPTON,HAMPTON,SC,29924,USA,29924,32.9,-81.1,Hampton,ZIP5_uszipcode
577,588,MILLIKEN & COMPANY,WHITE STONE,SC,29386,USA,29386,,,White Stone,ZIP5_uszipcode
578,589,INTERKRAFTS SC LLC,GREENVILLE,SC,29615,USA,29615,34.86,-82.29,Greenville,ZIP5_uszipcode
579,590,SOUTHERN STATES PKG,SPARTANBURG,SC,29307,USA,29307,34.99,-81.82,Spartanburg,ZIP5_uszipcode
580,591,PACKAGING CORPORATION OF AMERICA,SPARTANBURG,SC,29307,USA,29307,34.99,-81.82,Spartanburg,ZIP5_uszipcode
581,592,GEORGIA PACIFIC,SPARTANBURG,SC,29302,USA,29302,34.89,-81.85,Spartanburg,ZIP5_uszipcode
582,593,INTERKRAFT SC LLC,SIMPSONVILLE,SC,29681,USA,29681,34.76,-82.22,Simpsonville,ZIP5_uszipcode
583,594,MEADWESTVACO,NORTH CHARLESTON,SC,29406,USA,29406,32.93,-80.02,Charleston,ZIP5_uszipcode
584,595,SOUTHERN STATES PACKAGING,SPARTANBURG,SC,29307,USA,29307,34.99,-81.82,Spartanburg,ZIP5_uszipcode
585,596,CHARLESTON TERMINAL N598,MT. PLEASANT,SC,29464,USA,29464,32.82,-79.86,Mount Pleasant,ZIP5_uszipcode
586,597,QUALITY MATERIAL SOLUTIONS,WALTERBORO,SC,29488,USA,29488,32.9,-80.7,Walterboro,ZIP5_uszipcode
587,598,SOUTHERN STATES PACKAGING COMPANY,SPARTANBURG,SC,29307,USA,29307,34.99,-81.82,Spartanburg,ZIP5_uszipcode
588,599,"JERICH USA WAREHOUSE HANAHAN, SC",HANAHAN,SC,29410,USA,29410,32.94,-80.0,Hanahan,ZIP5_uszipcode
589,600,FRONTIER LOGISTICS,HANAHAN,SC,29410,USA,29410,32.94,-80.0,Hanahan,ZIP5_uszipcode
590,601,JERICH USA INC.,HANAHAN,SC,29410,USA,29410,32.94,-80.0,Hanahan,ZIP5_uszipcode
591,602,SOUTHERN STATES PACKAGING COMPANY 2,SPARTANBURG,SC,29307,USA,29307,34.99,-81.82,Spartanburg,ZIP5_uszipcode
592,603,PREMIER LOGISTICS,HANAHAN,SC,29410,USA,29410,32.94,-80.0,Hanahan,ZIP5_uszipcode
593,604,DOLE FRESH FRUIT COMPANY,MOUNT PLEASANT,SC,29464,USA,29464,32.82,-79.86,Mount Pleasant,ZIP5_uszipcode
594,605,WAINWRIGHT INDUSTRIES INC.,HANAHAN,SC,29410,USA,29410,32.94,-80.0,Hanahan,ZIP5_uszipcode
595,606,TVS SUPPLY CHAIN SOLUTIONS,HANAHAN,SC,29410,USA,29410,32.94,-80.0,Hanahan,ZIP5_uszipcode
596,607,PAPER CONVERTERS,WALTERBORO,SC,29488,USA,29488,32.9,-80.7,Walterboro,ZIP5_uszipcode
597,608,FORTRESS FIBER LLC,SPARTANBURG,SC,29307,USA,29307,34.99,-81.82,Spartanburg,ZIP5_uszipcode
598,609,RSI WAREHOUSE - 0B73,GEORGETOWN,SC,29440,USA,29440,33.4,-79.4,Georgetown,ZIP5_uszipcode
599,610,Southern States Pkg   Spartanburg SC,Spartanburg,SC,29304,USA,29304,,,Spartanburg,ZIP5_uszipcode
600,611,Southern States Packaging Co (PARENT),Spartanburg,SC,29304,USA,29304,,,Spartanburg,ZIP5_uszipcode
601,612,International Fibre Resources (PARENT),Florence,SC,29504,USA,29504,,,Florence,ZIP5_uszipcode
602,613,Southeastern Paperboard,Piedmont,SC,29673,USA,29673,34.7,-82.5,Piedmont,ZIP5_uszipcode
603,614,Southeastern Paperboard  Piedmont SC,Piedmont,SC,29673,USA,29673,34.7,-82.5,Piedmont,ZIP5_uszipcode
604,615,Milliken Coated Prod   White Stone SC,White Stone,SC,29386,USA,29386,,,White Stone,ZIP5_uszipcode
605,616,Milliken Packaging Inc    White Stone SC,White Stone,SC,29386,USA,29386,,,White Stone,ZIP5_uszipcode
606,617,Southern States Pkg  SpartanburgSC,Spartanburg,SC,29307,USA,29307,34.99,-81.82,Spartanburg,ZIP5_uszipcode
607,618,Interstate Container Columbia SC,Columbia,SC,29210,USA,29210,34.04,-81.11,Columbia,ZIP5_uszipcode
608,619,Interkraft SC LLC  (PARENT),Greenville,SC,29615,USA,29615,34.86,-82.29,Greenville,ZIP5_uszipcode
609,620,Georgia Pacific  Spartanburg Sc,Spartanburg,SC,29302,USA,29302,34.89,-81.85,Spartanburg,ZIP5_uszipcode
610,621,Southeastern Paperboard Piedmont SC,Piedmont,SC,29673,USA,29673,34.7,-82.5,Piedmont,ZIP5_uszipcode
611,622,Lexington Plant,Lexington,SC,29072,USA,29072,34.0,-81.3,Lexington,ZIP5_uszipcode
