﻿Affidavit ID,County,CDS Code,School ,Street,City,State,Zip,Mailing Street,Mailing City,Mailing State,Mailing Zip,Telephone,Email ,Email2,Public District,Site Administrator Salutation,Site Administrator First Name,Site Administrator Last Name,Site Administrator Title,Site Administrator Email,School Type,School Accommodations,Low Grade,High Grade,Kindergarten Enrollment,Grade 1 Enrollment,Grade 2 Enrollment,Grade 3 Enrollment,Grade 4 Enrollment,Grade 5 Enrollment,Grade 6 Enrollment,Grade 7 Enrollment,Grade 8 Enrollment,Grade 9 Enrollment,Grade 10 Enrollment,Grade 11 Enrollment,Grade 12 Enrollment,Ungraded Elementary Enrollmnet,Ungraded Secondary Enrollment,Total Enrollment,Diploma Offered,Graduates 2015,Full Time Teachers,Part Time Teachers,Administrative Staff,Other Staff,Offers Special Education Services,Tax Exempt 501,Tax Exempt 23701,Tax Exempt 214,Tax Exempt,Religious Classification,Religious Denomination,Director/Principal Officer Salutation,Director/Principal Officer First Name,Director/Principal Officer Last Name,Director/Principal Officer Title,Director/Principal Officer Email,Custodian of Records Salutation,Custodian of Records First Name,Custodian of Records Last Name,Custodian of Records Email
206402,Alameda,01612596910343,Agnes Memorial Christian Academey,2372 International Boulevard,Oakland,CA,94601,,,,,510-533-1101,,,Oakland Unified,Ms.,Sandra,Phelps,Director,sandybeaches84@yahoo.com,Coeducational,Day Only,K,8,2,1,3,4,1,1,0,0,1,0,0,0,0,2,0,15,No,0,2,0,1,2,No,Yes,No,No,Yes,,,Ms.,Sandra,phelps,Administrator,,Ms.,Sandra,Phelps,sandybeaches84@yahoo.com
196133,Alameda,01611926965909,All Saints Catholic School,22870 Second Street,Hayward,CA,94541,,,,,510-582-1910,jdiaz@csdo.org,,Hayward Unified,Mrs.,Rosanne,Esplanada,Administrator,resplanada@csdo.org,Coeducational,Day Only,K,8,30,21,25,16,17,21,32,22,19,0,0,0,0,0,0,203,No,0,11,3,1,12,No,Yes,No,No,Yes,Religious,Roman Catholic,Ms.,Jennifer,Diaz,Principal,jdiaz@csdo.org,Ms.,Susan,Porter,sporter@csdo.org
191396,Alameda,01611767103799,Alsion Montessori Middle/High,750 Witherly Lane,Fremont,CA,94539,,,,,510-445-8878,info@alsion.org,,Fremont Unified,Ms.,Rosemary,Petersen,Head of School,msrosemary@alsionschool.org,Coeducational,Day Only,7,12,0,0,0,0,0,0,0,20,14,14,5,7,8,0,0,68,No,6,7,1,1,1,No,Yes,No,No,Yes,Non-religious,,Mr.,Timothy,Reilly,Other,info@alsion.org,Ms.,Yvonne,Chavez,msyvonne@alsionschool.org
193389,Alameda,01611436135743,American International Montessori School,3339 Martin Luther King Jr. Way,Berkeley,CA,94703,,,,,510-868-1815,office@AIMmontessori.com,,Berkeley Unified,Mr.,Ernest,Mahr,Director,office@AIMmontessori.com,Coeducational,Day Only,K,6,11,12,5,3,5,1,0,0,0,0,0,0,0,0,0,37,No,0,14,5,2,6,No,No,No,No,No,Non-religious,,Mr.,Ernest,Mahr,Director,office@AIMmontessori.com,Mr.,Ernest,Mahr,office@AIMmontessori.com
